Nom;Image_SRC
test1.jpg;WFG2FG\trainA
test2.jpg;WFG2FG\trainA
test3.jpg;WFG2FG\trainA
test4.jpg;WFG2FG\trainA
test5.jpg;WFG2FG\trainA
test6.jpg;WFG2FG\trainA
test7.jpg;WFG2FG\trainA
test8.jpg;WFG2FG\trainA
test9.jpg;WFG2FG\trainA
test10.jpg;WFG2FG\trainA
test11.jpg;WFG2FG\trainA
test12.jpg;WFG2FG\trainA
test13.jpg;WFG2FG\trainA
test14.jpg;WFG2FG\trainA
test15.jpg;WFG2FG\trainA
test16.jpg;WFG2FG\trainA
test17.jpg;WFG2FG\trainA
test18.jpg;WFG2FG\trainA
test19.jpg;WFG2FG\trainA
test20.jpg;WFG2FG\trainA
test21.jpg;WFG2FG\trainA
test22.jpg;WFG2FG\trainA
test23.jpg;WFG2FG\trainA
test24.jpg;WFG2FG\trainA
test25.jpg;WFG2FG\trainA
test26.jpg;WFG2FG\trainA
test27.jpg;WFG2FG\trainA
test28.jpg;WFG2FG\trainA
test29.jpg;WFG2FG\trainA
test30.jpg;WFG2FG\trainA
test31.jpg;WFG2FG\trainA
test32.jpg;WFG2FG\trainA
test33.jpg;WFG2FG\trainA
test34.jpg;WFG2FG\trainA
test35.jpg;WFG2FG\trainA
test36.jpg;WFG2FG\trainA
test37.jpg;WFG2FG\trainA
test38.jpg;WFG2FG\trainA
test39.jpg;WFG2FG\trainA
test40.jpg;WFG2FG\trainA
test41.jpg;WFG2FG\trainA
test42.jpg;WFG2FG\trainA
test43.jpg;WFG2FG\trainA
test44.jpg;WFG2FG\trainA
test45.jpg;WFG2FG\trainA
test46.jpg;WFG2FG\trainA
test47.jpg;WFG2FG\trainA
test48.jpg;WFG2FG\trainA
test49.jpg;WFG2FG\trainA
test50.jpg;WFG2FG\trainA
test51.jpg;WFG2FG\trainA
test52.jpg;WFG2FG\trainA
test53.jpg;WFG2FG\trainA
test54.jpg;WFG2FG\trainA
test55.jpg;WFG2FG\trainA
test56.jpg;WFG2FG\trainA
test57.jpg;WFG2FG\trainA
test58.jpg;WFG2FG\trainA
test59.jpg;WFG2FG\trainA
test60.jpg;WFG2FG\trainA
test61.jpg;WFG2FG\trainA
test62.jpg;WFG2FG\trainA
test63.jpg;WFG2FG\trainA
test64.jpg;WFG2FG\trainA
test65.jpg;WFG2FG\trainA
test66.jpg;WFG2FG\trainA
test67.jpg;WFG2FG\trainA
test68.jpg;WFG2FG\trainA
test69.jpg;WFG2FG\trainA
test70.jpg;WFG2FG\trainA
test71.jpg;WFG2FG\trainA
test72.jpg;WFG2FG\trainA
test73.jpg;WFG2FG\trainA
test74.jpg;WFG2FG\trainA
test75.jpg;WFG2FG\trainA
test76.jpg;WFG2FG\trainA
test77.jpg;WFG2FG\trainA
test78.jpg;WFG2FG\trainA
test79.jpg;WFG2FG\trainA
test80.jpg;WFG2FG\trainA
test81.jpg;WFG2FG\trainA
test82.jpg;WFG2FG\trainA
test83.jpg;WFG2FG\trainA
test84.jpg;WFG2FG\trainA
test85.jpg;WFG2FG\trainA
test86.jpg;WFG2FG\trainA
test87.jpg;WFG2FG\trainA
test88.jpg;WFG2FG\trainA
test89.jpg;WFG2FG\trainA
test90.jpg;WFG2FG\trainA
test91.jpg;WFG2FG\trainA
test92.jpg;WFG2FG\trainA
test93.jpg;WFG2FG\trainA
test94.jpg;WFG2FG\trainA
test95.jpg;WFG2FG\trainA
test96.jpg;WFG2FG\trainA
test97.jpg;WFG2FG\trainA
test98.jpg;WFG2FG\trainA
test99.jpg;WFG2FG\trainA
test100.jpg;WFG2FG\trainA
test101.jpg;WFG2FG\trainA
test102.jpg;WFG2FG\trainA
test103.jpg;WFG2FG\trainA
test104.jpg;WFG2FG\trainA
test105.jpg;WFG2FG\trainA
test106.jpg;WFG2FG\trainA
test107.jpg;WFG2FG\trainA
test108.jpg;WFG2FG\trainA
test109.jpg;WFG2FG\trainA
test110.jpg;WFG2FG\trainA
test111.jpg;WFG2FG\trainA
test112.jpg;WFG2FG\trainA
test113.jpg;WFG2FG\trainA
test114.jpg;WFG2FG\trainA
test115.jpg;WFG2FG\trainA
test116.jpg;WFG2FG\trainA
test117.jpg;WFG2FG\trainA
test118.jpg;WFG2FG\trainA
test119.jpg;WFG2FG\trainA
test120.jpg;WFG2FG\trainA
test121.jpg;WFG2FG\trainA
test122.jpg;WFG2FG\trainA
test123.jpg;WFG2FG\trainA
test124.jpg;WFG2FG\trainA
test125.jpg;WFG2FG\trainA
test126.jpg;WFG2FG\trainA
test127.jpg;WFG2FG\trainA
test128.jpg;WFG2FG\trainA
test129.jpg;WFG2FG\trainA
test130.jpg;WFG2FG\trainA
test131.jpg;WFG2FG\trainA
test132.jpg;WFG2FG\trainA
test133.jpg;WFG2FG\trainA
test134.jpg;WFG2FG\trainA
test135.jpg;WFG2FG\trainA
test136.jpg;WFG2FG\trainA
test137.jpg;WFG2FG\trainA
test138.jpg;WFG2FG\trainA
test139.jpg;WFG2FG\trainA
test140.jpg;WFG2FG\trainA
test141.jpg;WFG2FG\trainA
test142.jpg;WFG2FG\trainA
test143.jpg;WFG2FG\trainA
test144.jpg;WFG2FG\trainA
test145.jpg;WFG2FG\trainA
test146.jpg;WFG2FG\trainA
test147.jpg;WFG2FG\trainA
test148.jpg;WFG2FG\trainA
test149.jpg;WFG2FG\trainA
test150.jpg;WFG2FG\trainA
test151.jpg;WFG2FG\trainA
test152.jpg;WFG2FG\trainA
test153.jpg;WFG2FG\trainA
test154.jpg;WFG2FG\trainA
test155.jpg;WFG2FG\trainA
test156.jpg;WFG2FG\trainA
test157.jpg;WFG2FG\trainA
test158.jpg;WFG2FG\trainA
test159.jpg;WFG2FG\trainA
test160.jpg;WFG2FG\trainA
test161.jpg;WFG2FG\trainA
test162.jpg;WFG2FG\trainA
test163.jpg;WFG2FG\trainA
test164.jpg;WFG2FG\trainA
test165.jpg;WFG2FG\trainA
test166.jpg;WFG2FG\trainA
test167.jpg;WFG2FG\trainA
test168.jpg;WFG2FG\trainA
test169.jpg;WFG2FG\trainA
test170.jpg;WFG2FG\trainA
test171.jpg;WFG2FG\trainA
test172.jpg;WFG2FG\trainA
test173.jpg;WFG2FG\trainA
test174.jpg;WFG2FG\trainA
test175.jpg;WFG2FG\trainA
test176.jpg;WFG2FG\trainA
test177.jpg;WFG2FG\trainA
test178.jpg;WFG2FG\trainA
test179.jpg;WFG2FG\trainA
test180.jpg;WFG2FG\trainA
test181.jpg;WFG2FG\trainA
test182.jpg;WFG2FG\trainA
test183.jpg;WFG2FG\trainA
test184.jpg;WFG2FG\trainA
test185.jpg;WFG2FG\trainA
test186.jpg;WFG2FG\trainA
test187.jpg;WFG2FG\trainA
test188.jpg;WFG2FG\trainA
test189.jpg;WFG2FG\trainA
test190.jpg;WFG2FG\trainA
test191.jpg;WFG2FG\trainA
test192.jpg;WFG2FG\trainA
test193.jpg;WFG2FG\trainA
test194.jpg;WFG2FG\trainA
test195.jpg;WFG2FG\trainA
test196.jpg;WFG2FG\trainA
test197.jpg;WFG2FG\trainA
test198.jpg;WFG2FG\trainA
test199.jpg;WFG2FG\trainA
test200.jpg;WFG2FG\trainA
test201.jpg;WFG2FG\trainA
test202.jpg;WFG2FG\trainA
test203.jpg;WFG2FG\trainA
test204.jpg;WFG2FG\trainA
test205.jpg;WFG2FG\trainA
test206.jpg;WFG2FG\trainA
test207.jpg;WFG2FG\trainA
test208.jpg;WFG2FG\trainA
test209.jpg;WFG2FG\trainA
test210.jpg;WFG2FG\trainA
test211.jpg;WFG2FG\trainA
test212.jpg;WFG2FG\trainA
test213.jpg;WFG2FG\trainA
test214.jpg;WFG2FG\trainA
test215.jpg;WFG2FG\trainA
test216.jpg;WFG2FG\trainA
test217.jpg;WFG2FG\trainA
test218.jpg;WFG2FG\trainA
test219.jpg;WFG2FG\trainA
test220.jpg;WFG2FG\trainA
test221.jpg;WFG2FG\trainA
test222.jpg;WFG2FG\trainA
test223.jpg;WFG2FG\trainA
test224.jpg;WFG2FG\trainA
test225.jpg;WFG2FG\trainA
test226.jpg;WFG2FG\trainA
test227.jpg;WFG2FG\trainA
test228.jpg;WFG2FG\trainA
test229.jpg;WFG2FG\trainA
test230.jpg;WFG2FG\trainA
test231.jpg;WFG2FG\trainA
test232.jpg;WFG2FG\trainA
test233.jpg;WFG2FG\trainA
test234.jpg;WFG2FG\trainA
test235.jpg;WFG2FG\trainA
test236.jpg;WFG2FG\trainA
test237.jpg;WFG2FG\trainA
test238.jpg;WFG2FG\trainA
test239.jpg;WFG2FG\trainA
test240.jpg;WFG2FG\trainA
test241.jpg;WFG2FG\trainA
test242.jpg;WFG2FG\trainA
test243.jpg;WFG2FG\trainA
test244.jpg;WFG2FG\trainA
test245.jpg;WFG2FG\trainA
test246.jpg;WFG2FG\trainA
test247.jpg;WFG2FG\trainA
test248.jpg;WFG2FG\trainA
test49.jpg;WFG2FG\trainA
test250.jpg;WFG2FG\trainA
test251.jpg;WFG2FG\trainA
test252.jpg;WFG2FG\trainA
test253.jpg;WFG2FG\trainA
test254.jpg;WFG2FG\trainA
test255.jpg;WFG2FG\trainA
test256.jpg;WFG2FG\trainA
test257.jpg;WFG2FG\trainA
test258.jpg;WFG2FG\trainA
test259.jpg;WFG2FG\trainA
test260.jpg;WFG2FG\trainA
test261.jpg;WFG2FG\trainA
test262.jpg;WFG2FG\trainA
test263.jpg;WFG2FG\trainA
test264.jpg;WFG2FG\trainA
test265.jpg;WFG2FG\trainA
test266.jpg;WFG2FG\trainA
test267.jpg;WFG2FG\trainA
test268.jpg;WFG2FG\trainA
test269.jpg;WFG2FG\trainA
test270.jpg;WFG2FG\trainA
test271.jpg;WFG2FG\trainA
test272.jpg;WFG2FG\trainA
test273.jpg;WFG2FG\trainA
test274.jpg;WFG2FG\trainA
test275.jpg;WFG2FG\trainA
test276.jpg;WFG2FG\trainA
test277.jpg;WFG2FG\trainA
test278.jpg;WFG2FG\trainA
test279.jpg;WFG2FG\trainA
test280.jpg;WFG2FG\trainA
test281.jpg;WFG2FG\trainA
test282.jpg;WFG2FG\trainA
test283.jpg;WFG2FG\trainA
test284.jpg;WFG2FG\trainA
test285.jpg;WFG2FG\trainA
test286.jpg;WFG2FG\trainA
test287.jpg;WFG2FG\trainA
test288.jpg;WFG2FG\trainA
test289.jpg;WFG2FG\trainA
test290.jpg;WFG2FG\trainA
test291.jpg;WFG2FG\trainA
test292.jpg;WFG2FG\trainA
test293.jpg;WFG2FG\trainA
test294.jpg;WFG2FG\trainA
test295.jpg;WFG2FG\trainA
test296.jpg;WFG2FG\trainA
test297.jpg;WFG2FG\trainA
test298.jpg;WFG2FG\trainA
test299.jpg;WFG2FG\trainA
test300.jpg;WFG2FG\trainA
test301.jpg;WFG2FG\trainA
test302.jpg;WFG2FG\trainA
test303.jpg;WFG2FG\trainA
test304.jpg;WFG2FG\trainA
test305.jpg;WFG2FG\trainA
test306.jpg;WFG2FG\trainA
test307.jpg;WFG2FG\trainA
test308.jpg;WFG2FG\trainA
test309.jpg;WFG2FG\trainA
test310.jpg;WFG2FG\trainA
test311.jpg;WFG2FG\trainA
test312.jpg;WFG2FG\trainA
test313.jpg;WFG2FG\trainA
test314.jpg;WFG2FG\trainA
test315.jpg;WFG2FG\trainA
test316.jpg;WFG2FG\trainA
test317.jpg;WFG2FG\trainA
test318.jpg;WFG2FG\trainA
test319.jpg;WFG2FG\trainA
test320.jpg;WFG2FG\trainA
test321.jpg;WFG2FG\trainA
test322.jpg;WFG2FG\trainA
test323.jpg;WFG2FG\trainA
test324.jpg;WFG2FG\trainA
test325.jpg;WFG2FG\trainA
test326.jpg;WFG2FG\trainA
test327.jpg;WFG2FG\trainA
test328.jpg;WFG2FG\trainA
test329.jpg;WFG2FG\trainA
test330.jpg;WFG2FG\trainA
test331.jpg;WFG2FG\trainA
test332.jpg;WFG2FG\trainA
test333.jpg;WFG2FG\trainA
test334.jpg;WFG2FG\trainA
test335.jpg;WFG2FG\trainA
test336.jpg;WFG2FG\trainA
test337.jpg;WFG2FG\trainA
test338.jpg;WFG2FG\trainA
test339.jpg;WFG2FG\trainA
test340.jpg;WFG2FG\trainA
test341.jpg;WFG2FG\trainA
test342.jpg;WFG2FG\trainA
test343.jpg;WFG2FG\trainA
test344.jpg;WFG2FG\trainA
test345.jpg;WFG2FG\trainA
test346.jpg;WFG2FG\trainA
test347.jpg;WFG2FG\trainA
test348.jpg;WFG2FG\trainA
test349.jpg;WFG2FG\trainA
test350.jpg;WFG2FG\trainA
test351.jpg;WFG2FG\trainA
test352.jpg;WFG2FG\trainA
test353.jpg;WFG2FG\trainA
test354.jpg;WFG2FG\trainA
test355.jpg;WFG2FG\trainA
test356.jpg;WFG2FG\trainA
test357.jpg;WFG2FG\trainA
test358.jpg;WFG2FG\trainA
test359.jpg;WFG2FG\trainA
test360.jpg;WFG2FG\trainA
test361.jpg;WFG2FG\trainA
test362.jpg;WFG2FG\trainA
test363.jpg;WFG2FG\trainA
test364.jpg;WFG2FG\trainA
test365.jpg;WFG2FG\trainA
test366.jpg;WFG2FG\trainA
test367.jpg;WFG2FG\trainA
test368.jpg;WFG2FG\trainA
test369.jpg;WFG2FG\trainA
test370.jpg;WFG2FG\trainA
test371.jpg;WFG2FG\trainA
test372.jpg;WFG2FG\trainA
test373.jpg;WFG2FG\trainA
test374.jpg;WFG2FG\trainA
test375.jpg;WFG2FG\trainA
test376.jpg;WFG2FG\trainA
test377.jpg;WFG2FG\trainA
test378.jpg;WFG2FG\trainA
test379.jpg;WFG2FG\trainA
test380.jpg;WFG2FG\trainA
test381.jpg;WFG2FG\trainA
test382.jpg;WFG2FG\trainA
test383.jpg;WFG2FG\trainA
test384.jpg;WFG2FG\trainA
test385.jpg;WFG2FG\trainA
test386.jpg;WFG2FG\trainA
test387.jpg;WFG2FG\trainA
test388.jpg;WFG2FG\trainA
test389.jpg;WFG2FG\trainA
test390.jpg;WFG2FG\trainA
test391.jpg;WFG2FG\trainA
test392.jpg;WFG2FG\trainA
test393.jpg;WFG2FG\trainA
test394.jpg;WFG2FG\trainA
test395.jpg;WFG2FG\trainA
test396.jpg;WFG2FG\trainA
test397.jpg;WFG2FG\trainA
test398.jpg;WFG2FG\trainA
test399.jpg;WFG2FG\trainA
test400.jpg;WFG2FG\trainA
test401.jpg;WFG2FG\trainA
test402.jpg;WFG2FG\trainA
test403.jpg;WFG2FG\trainA
test404.jpg;WFG2FG\trainA
test405.jpg;WFG2FG\trainA
test406.jpg;WFG2FG\trainA
test407.jpg;WFG2FG\trainA
test408.jpg;WFG2FG\trainA
test409.jpg;WFG2FG\trainA
test410.jpg;WFG2FG\trainA
test411.jpg;WFG2FG\trainA
test412.jpg;WFG2FG\trainA
test413.jpg;WFG2FG\trainA
test414.jpg;WFG2FG\trainA
test415.jpg;WFG2FG\trainA
test416.jpg;WFG2FG\trainA
test417.jpg;WFG2FG\trainA
test418.jpg;WFG2FG\trainA
test419.jpg;WFG2FG\trainA
test420.jpg;WFG2FG\trainA
test421.jpg;WFG2FG\trainA
test422.jpg;WFG2FG\trainA
test423.jpg;WFG2FG\trainA
test424.jpg;WFG2FG\trainA
test425.jpg;WFG2FG\trainA
test426.jpg;WFG2FG\trainA
test427.jpg;WFG2FG\trainA
test428.jpg;WFG2FG\trainA
test429.jpg;WFG2FG\trainA
test430.jpg;WFG2FG\trainA
test431.jpg;WFG2FG\trainA
test432.jpg;WFG2FG\trainA
test433.jpg;WFG2FG\trainA
test434.jpg;WFG2FG\trainA
test435.jpg;WFG2FG\trainA
test436.jpg;WFG2FG\trainA
test437.jpg;WFG2FG\trainA
test438.jpg;WFG2FG\trainA
test439.jpg;WFG2FG\trainA
test440.jpg;WFG2FG\trainA
test441.jpg;WFG2FG\trainA
test442.jpg;WFG2FG\trainA
test443.jpg;WFG2FG\trainA
test444.jpg;WFG2FG\trainA
test445.jpg;WFG2FG\trainA
test446.jpg;WFG2FG\trainA
test447.jpg;WFG2FG\trainA
test448.jpg;WFG2FG\trainA
test449.jpg;WFG2FG\trainA
test450.jpg;WFG2FG\trainA
test451.jpg;WFG2FG\trainA
test452.jpg;WFG2FG\trainA
test453.jpg;WFG2FG\trainA
test454.jpg;WFG2FG\trainA
test455.jpg;WFG2FG\trainA
test456.jpg;WFG2FG\trainA
test457.jpg;WFG2FG\trainA
test458.jpg;WFG2FG\trainA
test459.jpg;WFG2FG\trainA
test460.jpg;WFG2FG\trainA
test461.jpg;WFG2FG\trainA
test462.jpg;WFG2FG\trainA
test463.jpg;WFG2FG\trainA
test464.jpg;WFG2FG\trainA
test465.jpg;WFG2FG\trainA
test466.jpg;WFG2FG\trainA
test467.jpg;WFG2FG\trainA
test468.jpg;WFG2FG\trainA
test469.jpg;WFG2FG\trainA
test470.jpg;WFG2FG\trainA
test471.jpg;WFG2FG\trainA
test472.jpg;WFG2FG\trainA
test473.jpg;WFG2FG\trainA
test474.jpg;WFG2FG\trainA
test475.jpg;WFG2FG\trainA
test476.jpg;WFG2FG\trainA
test477.jpg;WFG2FG\trainA
test478.jpg;WFG2FG\trainA
test479.jpg;WFG2FG\trainA
test480.jpg;WFG2FG\trainA
test481.jpg;WFG2FG\trainA
test482.jpg;WFG2FG\trainA
test483.jpg;WFG2FG\trainA
test484.jpg;WFG2FG\trainA
test485.jpg;WFG2FG\trainA
test486.jpg;WFG2FG\trainA
test487.jpg;WFG2FG\trainA
test488.jpg;WFG2FG\trainA
test489.jpg;WFG2FG\trainA
test490.jpg;WFG2FG\trainA
test491.jpg;WFG2FG\trainA
test492.jpg;WFG2FG\trainA
test493.jpg;WFG2FG\trainA
test494.jpg;WFG2FG\trainA
test495.jpg;WFG2FG\trainA
test496.jpg;WFG2FG\trainA
test497.jpg;WFG2FG\trainA
test498.jpg;WFG2FG\trainA
test499.jpg;WFG2FG\trainA
test500.jpg;WFG2FG\trainA
test501.jpg;WFG2FG\trainA
test502.jpg;WFG2FG\trainA
test503.jpg;WFG2FG\trainA
test504.jpg;WFG2FG\trainA
test505.jpg;WFG2FG\trainA
test506.jpg;WFG2FG\trainA
test507.jpg;WFG2FG\trainA
test508.jpg;WFG2FG\trainA
test509.jpg;WFG2FG\trainA
test510.jpg;WFG2FG\trainA
test511.jpg;WFG2FG\trainA
test512.jpg;WFG2FG\trainA
test513.jpg;WFG2FG\trainA
test514.jpg;WFG2FG\trainA
test515.jpg;WFG2FG\trainA
test516.jpg;WFG2FG\trainA
test517.jpg;WFG2FG\trainA
test518.jpg;WFG2FG\trainA
test519.jpg;WFG2FG\trainA
test520.jpg;WFG2FG\trainA
test521.jpg;WFG2FG\trainA
test522.jpg;WFG2FG\trainA
test523.jpg;WFG2FG\trainA
test524.jpg;WFG2FG\trainA
test525.jpg;WFG2FG\trainA
test526.jpg;WFG2FG\trainA
test527.jpg;WFG2FG\trainA
test528.jpg;WFG2FG\trainA
test529.jpg;WFG2FG\trainA
test530.jpg;WFG2FG\trainA
test531.jpg;WFG2FG\trainA
test532.jpg;WFG2FG\trainA
test533.jpg;WFG2FG\trainA
test534.jpg;WFG2FG\trainA
test535.jpg;WFG2FG\trainA
test536.jpg;WFG2FG\trainA
test537.jpg;WFG2FG\trainA
test538.jpg;WFG2FG\trainA
test539.jpg;WFG2FG\trainA
test540.jpg;WFG2FG\trainA
test541.jpg;WFG2FG\trainA
test542.jpg;WFG2FG\trainA
test543.jpg;WFG2FG\trainA
test544.jpg;WFG2FG\trainA
test545.jpg;WFG2FG\trainA
test546.jpg;WFG2FG\trainA
test547.jpg;WFG2FG\trainA
test548.jpg;WFG2FG\trainA
test549.jpg;WFG2FG\trainA
test550.jpg;WFG2FG\trainA
test551.jpg;WFG2FG\trainA
test552.jpg;WFG2FG\trainA
test553.jpg;WFG2FG\trainA
test554.jpg;WFG2FG\trainA
test555.jpg;WFG2FG\trainA
test556.jpg;WFG2FG\trainA
test557.jpg;WFG2FG\trainA
test558.jpg;WFG2FG\trainA
test559.jpg;WFG2FG\trainA
test560.jpg;WFG2FG\trainA
test561.jpg;WFG2FG\trainA
test562.jpg;WFG2FG\trainA
test563.jpg;WFG2FG\trainA
test564.jpg;WFG2FG\trainA
test565.jpg;WFG2FG\trainA
test566.jpg;WFG2FG\trainA
test567.jpg;WFG2FG\trainA
test568.jpg;WFG2FG\trainA
test569.jpg;WFG2FG\trainA
test570.jpg;WFG2FG\trainA
test571.jpg;WFG2FG\trainA
test572.jpg;WFG2FG\trainA
test573.jpg;WFG2FG\trainA
test574.jpg;WFG2FG\trainA
test575.jpg;WFG2FG\trainA
test576.jpg;WFG2FG\trainA
test577.jpg;WFG2FG\trainA
test578.jpg;WFG2FG\trainA
test579.jpg;WFG2FG\trainA
test580.jpg;WFG2FG\trainA
test581.jpg;WFG2FG\trainA
test582.jpg;WFG2FG\trainA
test583.jpg;WFG2FG\trainA
test584.jpg;WFG2FG\trainA
test585.jpg;WFG2FG\trainA
test586.jpg;WFG2FG\trainA
test587.jpg;WFG2FG\trainA
test588.jpg;WFG2FG\trainA
test589.jpg;WFG2FG\trainA
test590.jpg;WFG2FG\trainA
test591.jpg;WFG2FG\trainA
test592.jpg;WFG2FG\trainA
test593.jpg;WFG2FG\trainA
test594.jpg;WFG2FG\trainA
test595.jpg;WFG2FG\trainA
test596.jpg;WFG2FG\trainA
test597.jpg;WFG2FG\trainA
test598.jpg;WFG2FG\trainA
test599.jpg;WFG2FG\trainA
test600.jpg;WFG2FG\trainA
test601.jpg;WFG2FG\trainA
test602.jpg;WFG2FG\trainA
test603.jpg;WFG2FG\trainA
test604.jpg;WFG2FG\trainA
test605.jpg;WFG2FG\trainA
test606.jpg;WFG2FG\trainA
test607.jpg;WFG2FG\trainA
test608.jpg;WFG2FG\trainA
test609.jpg;WFG2FG\trainA
test610.jpg;WFG2FG\trainA
test611.jpg;WFG2FG\trainA
test612.jpg;WFG2FG\trainA
test613.jpg;WFG2FG\trainA
test614.jpg;WFG2FG\trainA
test615.jpg;WFG2FG\trainA
test616.jpg;WFG2FG\trainA
test617.jpg;WFG2FG\trainA
test618.jpg;WFG2FG\trainA
test619.jpg;WFG2FG\trainA
test620.jpg;WFG2FG\trainA
test621.jpg;WFG2FG\trainA
test622.jpg;WFG2FG\trainA
test623.jpg;WFG2FG\trainA
test624.jpg;WFG2FG\trainA
test625.jpg;WFG2FG\trainA
test626.jpg;WFG2FG\trainA
test627.jpg;WFG2FG\trainA
test628.jpg;WFG2FG\trainA
test629.jpg;WFG2FG\trainA
test630.jpg;WFG2FG\trainA
test631.jpg;WFG2FG\trainA
test632.jpg;WFG2FG\trainA
test633.jpg;WFG2FG\trainA
test634.jpg;WFG2FG\trainA
test635.jpg;WFG2FG\trainA
test636.jpg;WFG2FG\trainA
test637.jpg;WFG2FG\trainA
test638.jpg;WFG2FG\trainA
test639.jpg;WFG2FG\trainA
test640.jpg;WFG2FG\trainA
test641.jpg;WFG2FG\trainA
test642.jpg;WFG2FG\trainA
test643.jpg;WFG2FG\trainA
test644.jpg;WFG2FG\trainA
test645.jpg;WFG2FG\trainA
test646.jpg;WFG2FG\trainA
test647.jpg;WFG2FG\trainA
test648.jpg;WFG2FG\trainA
test649.jpg;WFG2FG\trainA
test650.jpg;WFG2FG\trainA
test651.jpg;WFG2FG\trainA
test652.jpg;WFG2FG\trainA
test653.jpg;WFG2FG\trainA
test654.jpg;WFG2FG\trainA
test655.jpg;WFG2FG\trainA
test656.jpg;WFG2FG\trainA
test657.jpg;WFG2FG\trainA
test658.jpg;WFG2FG\trainA
test659.jpg;WFG2FG\trainA
test660.jpg;WFG2FG\trainA
test661.jpg;WFG2FG\trainA
test662.jpg;WFG2FG\trainA
test663.jpg;WFG2FG\trainA
test664.jpg;WFG2FG\trainA
test665.jpg;WFG2FG\trainA
test666.jpg;WFG2FG\trainA
test667.jpg;WFG2FG\trainA
test668.jpg;WFG2FG\trainA
test669.jpg;WFG2FG\trainA
test670.jpg;WFG2FG\trainA
test671.jpg;WFG2FG\trainA
test672.jpg;WFG2FG\trainA
test673.jpg;WFG2FG\trainA
test674.jpg;WFG2FG\trainA
test675.jpg;WFG2FG\trainA
test676.jpg;WFG2FG\trainA
test677.jpg;WFG2FG\trainA
test678.jpg;WFG2FG\trainA
test679.jpg;WFG2FG\trainA
test680.jpg;WFG2FG\trainA
test681.jpg;WFG2FG\trainA
test682.jpg;WFG2FG\trainA
test683.jpg;WFG2FG\trainA
test684.jpg;WFG2FG\trainA
test685.jpg;WFG2FG\trainA
test686.jpg;WFG2FG\trainA
test687.jpg;WFG2FG\trainA
test688.jpg;WFG2FG\trainA
test689.jpg;WFG2FG\trainA
test690.jpg;WFG2FG\trainA
test691.jpg;WFG2FG\trainA
test692.jpg;WFG2FG\trainA
test693.jpg;WFG2FG\trainA
test694.jpg;WFG2FG\trainA
test695.jpg;WFG2FG\trainA
test696.jpg;WFG2FG\trainA
test697.jpg;WFG2FG\trainA
test698.jpg;WFG2FG\trainA
test699.jpg;WFG2FG\trainA
test700.jpg;WFG2FG\trainA
test701.jpg;WFG2FG\trainA
test702.jpg;WFG2FG\trainA
test703.jpg;WFG2FG\trainA
test704.jpg;WFG2FG\trainA
test705.jpg;WFG2FG\trainA
test706.jpg;WFG2FG\trainA
test707.jpg;WFG2FG\trainA
test708.jpg;WFG2FG\trainA
test709.jpg;WFG2FG\trainA
test710.jpg;WFG2FG\trainA
test711.jpg;WFG2FG\trainA
test712.jpg;WFG2FG\trainA
test713.jpg;WFG2FG\trainA
test714.jpg;WFG2FG\trainA
test715.jpg;WFG2FG\trainA
test716.jpg;WFG2FG\trainA
test717.jpg;WFG2FG\trainA
test718.jpg;WFG2FG\trainA
test719.jpg;WFG2FG\trainA
test720.jpg;WFG2FG\trainA
test721.jpg;WFG2FG\trainA
test722.jpg;WFG2FG\trainA
test723.jpg;WFG2FG\trainA
test724.jpg;WFG2FG\trainA
test725.jpg;WFG2FG\trainA
test726.jpg;WFG2FG\trainA
test727.jpg;WFG2FG\trainA
test728.jpg;WFG2FG\trainA
test729.jpg;WFG2FG\trainA
test730.jpg;WFG2FG\trainA
test731.jpg;WFG2FG\trainA
test732.jpg;WFG2FG\trainA
test733.jpg;WFG2FG\trainA
test734.jpg;WFG2FG\trainA
test735.jpg;WFG2FG\trainA
test736.jpg;WFG2FG\trainA
test737.jpg;WFG2FG\trainA
test738.jpg;WFG2FG\trainA
test739.jpg;WFG2FG\trainA
test740.jpg;WFG2FG\trainA
test741.jpg;WFG2FG\trainA
test742.jpg;WFG2FG\trainA
test743.jpg;WFG2FG\trainA
test744.jpg;WFG2FG\trainA
test745.jpg;WFG2FG\trainA
test746.jpg;WFG2FG\trainA
test747.jpg;WFG2FG\trainA
test748.jpg;WFG2FG\trainA
test749.jpg;WFG2FG\trainA
test750.jpg;WFG2FG\trainA
test751.jpg;WFG2FG\trainA
test752.jpg;WFG2FG\trainA
test753.jpg;WFG2FG\trainA
test754.jpg;WFG2FG\trainA
test755.jpg;WFG2FG\trainA
test756.jpg;WFG2FG\trainA
test757.jpg;WFG2FG\trainA
test758.jpg;WFG2FG\trainA
test759.jpg;WFG2FG\trainA
test760.jpg;WFG2FG\trainA
test761.jpg;WFG2FG\trainA
test762.jpg;WFG2FG\trainA
test763.jpg;WFG2FG\trainA
test764.jpg;WFG2FG\trainA
test765.jpg;WFG2FG\trainA
test766.jpg;WFG2FG\trainA
test767.jpg;WFG2FG\trainA
test768.jpg;WFG2FG\trainA
test769.jpg;WFG2FG\trainA
test770.jpg;WFG2FG\trainA
test771.jpg;WFG2FG\trainA
test772.jpg;WFG2FG\trainA
test773.jpg;WFG2FG\trainA
test774.jpg;WFG2FG\trainA
test775.jpg;WFG2FG\trainA
test776.jpg;WFG2FG\trainA
test777.jpg;WFG2FG\trainA
test778.jpg;WFG2FG\trainA
test779.jpg;WFG2FG\trainA
test780.jpg;WFG2FG\trainA
test781.jpg;WFG2FG\trainA
test782.jpg;WFG2FG\trainA
test783.jpg;WFG2FG\trainA
test784.jpg;WFG2FG\trainA
test785.jpg;WFG2FG\trainA
test786.jpg;WFG2FG\trainA
test787.jpg;WFG2FG\trainA
test788.jpg;WFG2FG\trainA
test789.jpg;WFG2FG\trainA
test790.jpg;WFG2FG\trainA
test791.jpg;WFG2FG\trainA
test792.jpg;WFG2FG\trainA
test793.jpg;WFG2FG\trainA
test794.jpg;WFG2FG\trainA
test795.jpg;WFG2FG\trainA
test796.jpg;WFG2FG\trainA
test797.jpg;WFG2FG\trainA
test798.jpg;WFG2FG\trainA
test799.jpg;WFG2FG\trainA
test800.jpg;WFG2FG\trainA
test801.jpg;WFG2FG\trainA
test802.jpg;WFG2FG\trainA
test803.jpg;WFG2FG\trainA
test804.jpg;WFG2FG\trainA
test805.jpg;WFG2FG\trainA
test806.jpg;WFG2FG\trainA
test807.jpg;WFG2FG\trainA
test808.jpg;WFG2FG\trainA
test809.jpg;WFG2FG\trainA
test810.jpg;WFG2FG\trainA
test811.jpg;WFG2FG\trainA
test812.jpg;WFG2FG\trainA
test813.jpg;WFG2FG\trainA
test814.jpg;WFG2FG\trainA
test815.jpg;WFG2FG\trainA
test816.jpg;WFG2FG\trainA
test817.jpg;WFG2FG\trainA
test818.jpg;WFG2FG\trainA
test819.jpg;WFG2FG\trainA
test820.jpg;WFG2FG\trainA
test821.jpg;WFG2FG\trainA
test822.jpg;WFG2FG\trainA
test823.jpg;WFG2FG\trainA
test824.jpg;WFG2FG\trainA
test825.jpg;WFG2FG\trainA
test826.jpg;WFG2FG\trainA
test827.jpg;WFG2FG\trainA
test828.jpg;WFG2FG\trainA
test829.jpg;WFG2FG\trainA
test830.jpg;WFG2FG\trainA
test831.jpg;WFG2FG\trainA
test832.jpg;WFG2FG\trainA
test833.jpg;WFG2FG\trainA
test834.jpg;WFG2FG\trainA
test835.jpg;WFG2FG\trainA
test836.jpg;WFG2FG\trainA
test837.jpg;WFG2FG\trainA
test838.jpg;WFG2FG\trainA
test839.jpg;WFG2FG\trainA
test840.jpg;WFG2FG\trainA
test841.jpg;WFG2FG\trainA
test842.jpg;WFG2FG\trainA
test843.jpg;WFG2FG\trainA
test844.jpg;WFG2FG\trainA
test845.jpg;WFG2FG\trainA
test846.jpg;WFG2FG\trainA
test847.jpg;WFG2FG\trainA
test848.jpg;WFG2FG\trainA
test849.jpg;WFG2FG\trainA
test850.jpg;WFG2FG\trainA
test851.jpg;WFG2FG\trainA
test852.jpg;WFG2FG\trainA
test853.jpg;WFG2FG\trainA
test854.jpg;WFG2FG\trainA
test855.jpg;WFG2FG\trainA
test856.jpg;WFG2FG\trainA
test857.jpg;WFG2FG\trainA
test858.jpg;WFG2FG\trainA
test859.jpg;WFG2FG\trainA
test860.jpg;WFG2FG\trainA
test861.jpg;WFG2FG\trainA
test862.jpg;WFG2FG\trainA
test863.jpg;WFG2FG\trainA
test864.jpg;WFG2FG\trainA
test865.jpg;WFG2FG\trainA
test866.jpg;WFG2FG\trainA
test867.jpg;WFG2FG\trainA
test868.jpg;WFG2FG\trainA
test869.jpg;WFG2FG\trainA
test870.jpg;WFG2FG\trainA
test871.jpg;WFG2FG\trainA
test872.jpg;WFG2FG\trainA
test873.jpg;WFG2FG\trainA
test874.jpg;WFG2FG\trainA
test875.jpg;WFG2FG\trainA
test876.jpg;WFG2FG\trainA
test877.jpg;WFG2FG\trainA
test878.jpg;WFG2FG\trainA
test879.jpg;WFG2FG\trainA
test880.jpg;WFG2FG\trainA
test881.jpg;WFG2FG\trainA
test882.jpg;WFG2FG\trainA
test883.jpg;WFG2FG\trainA
test884.jpg;WFG2FG\trainA
test885.jpg;WFG2FG\trainA
test886.jpg;WFG2FG\trainA
test887.jpg;WFG2FG\trainA
test888.jpg;WFG2FG\trainA
test889.jpg;WFG2FG\trainA
test890.jpg;WFG2FG\trainA
test891.jpg;WFG2FG\trainA
test892.jpg;WFG2FG\trainA
test893.jpg;WFG2FG\trainA
test894.jpg;WFG2FG\trainA
test895.jpg;WFG2FG\trainA
test896.jpg;WFG2FG\trainA
test897.jpg;WFG2FG\trainA
test898.jpg;WFG2FG\trainA
test899.jpg;WFG2FG\trainA
test900.jpg;WFG2FG\trainA
test901.jpg;WFG2FG\trainA
test902.jpg;WFG2FG\trainA
test903.jpg;WFG2FG\trainA
test904.jpg;WFG2FG\trainA
test905.jpg;WFG2FG\trainA
test906.jpg;WFG2FG\trainA
test907.jpg;WFG2FG\trainA
test908.jpg;WFG2FG\trainA
test909.jpg;WFG2FG\trainA
test910.jpg;WFG2FG\trainA
test911.jpg;WFG2FG\trainA
test912.jpg;WFG2FG\trainA
test913.jpg;WFG2FG\trainA
test914.jpg;WFG2FG\trainA
test915.jpg;WFG2FG\trainA
test916.jpg;WFG2FG\trainA
test917.jpg;WFG2FG\trainA
test918.jpg;WFG2FG\trainA
test919.jpg;WFG2FG\trainA
test920.jpg;WFG2FG\trainA
test921.jpg;WFG2FG\trainA
test922.jpg;WFG2FG\trainA
test923.jpg;WFG2FG\trainA
test924.jpg;WFG2FG\trainA
test925.jpg;WFG2FG\trainA
test926.jpg;WFG2FG\trainA
test927.jpg;WFG2FG\trainA
test928.jpg;WFG2FG\trainA
test929.jpg;WFG2FG\trainA
test930.jpg;WFG2FG\trainA
test931.jpg;WFG2FG\trainA
test932.jpg;WFG2FG\trainA
test933.jpg;WFG2FG\trainA
test934.jpg;WFG2FG\trainA
test935.jpg;WFG2FG\trainA
test936.jpg;WFG2FG\trainA
test937.jpg;WFG2FG\trainA
test938.jpg;WFG2FG\trainA
test939.jpg;WFG2FG\trainA
test940.jpg;WFG2FG\trainA
test941.jpg;WFG2FG\trainA
test942.jpg;WFG2FG\trainA
test943.jpg;WFG2FG\trainA
test944.jpg;WFG2FG\trainA
test945.jpg;WFG2FG\trainA
test946.jpg;WFG2FG\trainA
test947.jpg;WFG2FG\trainA
test948.jpg;WFG2FG\trainA
test949.jpg;WFG2FG\trainA
test950.jpg;WFG2FG\trainA
test951.jpg;WFG2FG\trainA
test952.jpg;WFG2FG\trainA
test953.jpg;WFG2FG\trainA
test954.jpg;WFG2FG\trainA
test955.jpg;WFG2FG\trainA
test956.jpg;WFG2FG\trainA
test957.jpg;WFG2FG\trainA
test958.jpg;WFG2FG\trainA
test959.jpg;WFG2FG\trainA
test960.jpg;WFG2FG\trainA
test961.jpg;WFG2FG\trainA
test962.jpg;WFG2FG\trainA
test963.jpg;WFG2FG\trainA
test964.jpg;WFG2FG\trainA
test965.jpg;WFG2FG\trainA
test966.jpg;WFG2FG\trainA
test967.jpg;WFG2FG\trainA
test968.jpg;WFG2FG\trainA
test969.jpg;WFG2FG\trainA
test970.jpg;WFG2FG\trainA
test971.jpg;WFG2FG\trainA
test972.jpg;WFG2FG\trainA
test973.jpg;WFG2FG\trainA
test974.jpg;WFG2FG\trainA
test975.jpg;WFG2FG\trainA
test976.jpg;WFG2FG\trainA
test977.jpg;WFG2FG\trainA
test978.jpg;WFG2FG\trainA
test979.jpg;WFG2FG\trainA
test980.jpg;WFG2FG\trainA
test981.jpg;WFG2FG\trainA
test982.jpg;WFG2FG\trainA
test983.jpg;WFG2FG\trainA
test984.jpg;WFG2FG\trainA
test985.jpg;WFG2FG\trainA
test986.jpg;WFG2FG\trainA
test987.jpg;WFG2FG\trainA
test988.jpg;WFG2FG\trainA
test989.jpg;WFG2FG\trainA
test990.jpg;WFG2FG\trainA
test991.jpg;WFG2FG\trainA
test992.jpg;WFG2FG\trainA
test993.jpg;WFG2FG\trainA
test994.jpg;WFG2FG\trainA
test995.jpg;WFG2FG\trainA
test996.jpg;WFG2FG\trainA
test997.jpg;WFG2FG\trainA
test998.jpg;WFG2FG\trainA
test999.jpg;WFG2FG\trainA
test1000.jpg;WFG2FG\trainA
test1001.jpg;WFG2FG\trainA
test1002.jpg;WFG2FG\trainA
test1003.jpg;WFG2FG\trainA
test1004.jpg;WFG2FG\trainA
test1005.jpg;WFG2FG\trainA
test1006.jpg;WFG2FG\trainA
test1007.jpg;WFG2FG\trainA
test1008.jpg;WFG2FG\trainA
test1009.jpg;WFG2FG\trainA
test1010.jpg;WFG2FG\trainA
test1011.jpg;WFG2FG\trainA
test1012.jpg;WFG2FG\trainA
test1013.jpg;WFG2FG\trainA
test1014.jpg;WFG2FG\trainA
test1015.jpg;WFG2FG\trainA
test1016.jpg;WFG2FG\trainA
test1017.jpg;WFG2FG\trainA
test1018.jpg;WFG2FG\trainA
test1019.jpg;WFG2FG\trainA
test1020.jpg;WFG2FG\trainA
test1021.jpg;WFG2FG\trainA
test1022.jpg;WFG2FG\trainA
test1023.jpg;WFG2FG\trainA
test1024.jpg;WFG2FG\trainA
test1025.jpg;WFG2FG\trainA
test1026.jpg;WFG2FG\trainA
test1027.jpg;WFG2FG\trainA
test1028.jpg;WFG2FG\trainA
test1029.jpg;WFG2FG\trainA
test1030.jpg;WFG2FG\trainA
test1031.jpg;WFG2FG\trainA
test1032.jpg;WFG2FG\trainA
test1033.jpg;WFG2FG\trainA
test1034.jpg;WFG2FG\trainA
test1035.jpg;WFG2FG\trainA
test1036.jpg;WFG2FG\trainA
test1037.jpg;WFG2FG\trainA
test1038.jpg;WFG2FG\trainA
test1039.jpg;WFG2FG\trainA
test1040.jpg;WFG2FG\trainA
test1041.jpg;WFG2FG\trainA
test1042.jpg;WFG2FG\trainA
test1043.jpg;WFG2FG\trainA
test1044.jpg;WFG2FG\trainA
test1045.jpg;WFG2FG\trainA
test1046.jpg;WFG2FG\trainA
test1047.jpg;WFG2FG\trainA
test1048.jpg;WFG2FG\trainA
test1049.jpg;WFG2FG\trainA
test1050.jpg;WFG2FG\trainA
test1051.jpg;WFG2FG\trainA
test1052.jpg;WFG2FG\trainA
test1053.jpg;WFG2FG\trainA
test1054.jpg;WFG2FG\trainA
test1055.jpg;WFG2FG\trainA
test1056.jpg;WFG2FG\trainA
test1057.jpg;WFG2FG\trainA
test1058.jpg;WFG2FG\trainA
test1059.jpg;WFG2FG\trainA
test1060.jpg;WFG2FG\trainA
test1061.jpg;WFG2FG\trainA
test1062.jpg;WFG2FG\trainA
test1063.jpg;WFG2FG\trainA
test1064.jpg;WFG2FG\trainA
test1065.jpg;WFG2FG\trainA
test1066.jpg;WFG2FG\trainA
test1067.jpg;WFG2FG\trainA
test1068.jpg;WFG2FG\trainA
test1069.jpg;WFG2FG\trainA
test1070.jpg;WFG2FG\trainA
test1071.jpg;WFG2FG\trainA
test1072.jpg;WFG2FG\trainA
test1073.jpg;WFG2FG\trainA
test1074.jpg;WFG2FG\trainA
test1075.jpg;WFG2FG\trainA
test1076.jpg;WFG2FG\trainA
test1077.jpg;WFG2FG\trainA
test1078.jpg;WFG2FG\trainA
test1079.jpg;WFG2FG\trainA
test1080.jpg;WFG2FG\trainA
test1081.jpg;WFG2FG\trainA
test1082.jpg;WFG2FG\trainA
test1083.jpg;WFG2FG\trainA
test1084.jpg;WFG2FG\trainA
test1085.jpg;WFG2FG\trainA
test1086.jpg;WFG2FG\trainA
test1087.jpg;WFG2FG\trainA
test1088.jpg;WFG2FG\trainA
test1089.jpg;WFG2FG\trainA
test1090.jpg;WFG2FG\trainA
test1091.jpg;WFG2FG\trainA
test1092.jpg;WFG2FG\trainA
test1093.jpg;WFG2FG\trainA
test1094.jpg;WFG2FG\trainA
test1095.jpg;WFG2FG\trainA
test1096.jpg;WFG2FG\trainA
test1097.jpg;WFG2FG\trainA
test1098.jpg;WFG2FG\trainA
test1099.jpg;WFG2FG\trainA
test1100.jpg;WFG2FG\trainA
test1101.jpg;WFG2FG\trainA
test1102.jpg;WFG2FG\trainA
test1103.jpg;WFG2FG\trainA
test1104.jpg;WFG2FG\trainA
test1105.jpg;WFG2FG\trainA
test1106.jpg;WFG2FG\trainA
test1107.jpg;WFG2FG\trainA
test1108.jpg;WFG2FG\trainA
test1109.jpg;WFG2FG\trainA
test1110.jpg;WFG2FG\trainA
test1111.jpg;WFG2FG\trainA
test1112.jpg;WFG2FG\trainA
test1113.jpg;WFG2FG\trainA
test1114.jpg;WFG2FG\trainA
test1115.jpg;WFG2FG\trainA
test1116.jpg;WFG2FG\trainA
test1117.jpg;WFG2FG\trainA
test1118.jpg;WFG2FG\trainA
test1119.jpg;WFG2FG\trainA
test1120.jpg;WFG2FG\trainA
test1121.jpg;WFG2FG\trainA
test1122.jpg;WFG2FG\trainA
test1123.jpg;WFG2FG\trainA
test1124.jpg;WFG2FG\trainA
test1125.jpg;WFG2FG\trainA
test1126.jpg;WFG2FG\trainA
test1127.jpg;WFG2FG\trainA
test1128.jpg;WFG2FG\trainA
test1129.jpg;WFG2FG\trainA
test1130.jpg;WFG2FG\trainA
test1131.jpg;WFG2FG\trainA
test1132.jpg;WFG2FG\trainA
test1133.jpg;WFG2FG\trainA
test1134.jpg;WFG2FG\trainA
test1135.jpg;WFG2FG\trainA
test1136.jpg;WFG2FG\trainA
test1137.jpg;WFG2FG\trainA
test1138.jpg;WFG2FG\trainA
test1139.jpg;WFG2FG\trainA
test1140.jpg;WFG2FG\trainA
test1141.jpg;WFG2FG\trainA
test1142.jpg;WFG2FG\trainA
test1143.jpg;WFG2FG\trainA
test1144.jpg;WFG2FG\trainA
test1145.jpg;WFG2FG\trainA
test1146.jpg;WFG2FG\trainA
test1147.jpg;WFG2FG\trainA
test1148.jpg;WFG2FG\trainA
test1149.jpg;WFG2FG\trainA
test1150.jpg;WFG2FG\trainA
test1151.jpg;WFG2FG\trainA
test1152.jpg;WFG2FG\trainA
test1153.jpg;WFG2FG\trainA
test1154.jpg;WFG2FG\trainA
test1155.jpg;WFG2FG\trainA
test1156.jpg;WFG2FG\trainA
test1157.jpg;WFG2FG\trainA
test1158.jpg;WFG2FG\trainA
test1159.jpg;WFG2FG\trainA
test1160.jpg;WFG2FG\trainA
test1161.jpg;WFG2FG\trainA
test1162.jpg;WFG2FG\trainA
test1163.jpg;WFG2FG\trainA
test1164.jpg;WFG2FG\trainA
test1165.jpg;WFG2FG\trainA
test1166.jpg;WFG2FG\trainA
test1167.jpg;WFG2FG\trainA
test1168.jpg;WFG2FG\trainA
test1169.jpg;WFG2FG\trainA
test1170.jpg;WFG2FG\trainA
test1171.jpg;WFG2FG\trainA
test1172.jpg;WFG2FG\trainA
test1173.jpg;WFG2FG\trainA
test1174.jpg;WFG2FG\trainA
test1175.jpg;WFG2FG\trainA
test1176.jpg;WFG2FG\trainA
test1177.jpg;WFG2FG\trainA
test1178.jpg;WFG2FG\trainA
test1179.jpg;WFG2FG\trainA
test1180.jpg;WFG2FG\trainA
test1181.jpg;WFG2FG\trainA
test1182.jpg;WFG2FG\trainA
test1183.jpg;WFG2FG\trainA
test1184.jpg;WFG2FG\trainA
test1185.jpg;WFG2FG\trainA
test1186.jpg;WFG2FG\trainA
test1187.jpg;WFG2FG\trainA
test1188.jpg;WFG2FG\trainA
test1189.jpg;WFG2FG\trainA
test1190.jpg;WFG2FG\trainA
test1191.jpg;WFG2FG\trainA
test1192.jpg;WFG2FG\trainA
test1193.jpg;WFG2FG\trainA
test1194.jpg;WFG2FG\trainA
test1195.jpg;WFG2FG\trainA
test1196.jpg;WFG2FG\trainA
test1197.jpg;WFG2FG\trainA
test1198.jpg;WFG2FG\trainA
test1199.jpg;WFG2FG\trainA
test1200.jpg;WFG2FG\trainA
test1201.jpg;WFG2FG\trainA
test1202.jpg;WFG2FG\trainA
test1203.jpg;WFG2FG\trainA
test1204.jpg;WFG2FG\trainA
test1205.jpg;WFG2FG\trainA
test1206.jpg;WFG2FG\trainA
test1207.jpg;WFG2FG\trainA
test1208.jpg;WFG2FG\trainA
test1209.jpg;WFG2FG\trainA
test1210.jpg;WFG2FG\trainA
test1211.jpg;WFG2FG\trainA
test1212.jpg;WFG2FG\trainA
test1213.jpg;WFG2FG\trainA
test1214.jpg;WFG2FG\trainA
test1215.jpg;WFG2FG\trainA
test1216.jpg;WFG2FG\trainA
test1217.jpg;WFG2FG\trainA
test1218.jpg;WFG2FG\trainA
test1219.jpg;WFG2FG\trainA
test1220.jpg;WFG2FG\trainA
test1221.jpg;WFG2FG\trainA
test1222.jpg;WFG2FG\trainA
test1223.jpg;WFG2FG\trainA
test1224.jpg;WFG2FG\trainA
test1225.jpg;WFG2FG\trainA
test1226.jpg;WFG2FG\trainA
test1227.jpg;WFG2FG\trainA
test1228.jpg;WFG2FG\trainA
test1229.jpg;WFG2FG\trainA
test1230.jpg;WFG2FG\trainA
test1231.jpg;WFG2FG\trainA
test1232.jpg;WFG2FG\trainA
test1233.jpg;WFG2FG\trainA
test1234.jpg;WFG2FG\trainA
test1235.jpg;WFG2FG\trainA
test1236.jpg;WFG2FG\trainA
test1237.jpg;WFG2FG\trainA
test1238.jpg;WFG2FG\trainA
test1239.jpg;WFG2FG\trainA
test1240.jpg;WFG2FG\trainA
test1241.jpg;WFG2FG\trainA
test1242.jpg;WFG2FG\trainA
test1243.jpg;WFG2FG\trainA
test1244.jpg;WFG2FG\trainA
test1245.jpg;WFG2FG\trainA
test1246.jpg;WFG2FG\trainA
test1247.jpg;WFG2FG\trainA
test1248.jpg;WFG2FG\trainA
test1249.jpg;WFG2FG\trainA
test1250.jpg;WFG2FG\trainA
test1251.jpg;WFG2FG\trainA
test1252.jpg;WFG2FG\trainA
test1253.jpg;WFG2FG\trainA
test1254.jpg;WFG2FG\trainA
test1255.jpg;WFG2FG\trainA
test1256.jpg;WFG2FG\trainA
test1257.jpg;WFG2FG\trainA
test1258.jpg;WFG2FG\trainA
test1259.jpg;WFG2FG\trainA
test1260.jpg;WFG2FG\trainA
test1261.jpg;WFG2FG\trainA
test1262.jpg;WFG2FG\trainA
test1263.jpg;WFG2FG\trainA
test1264.jpg;WFG2FG\trainA
test1265.jpg;WFG2FG\trainA
test1266.jpg;WFG2FG\trainA
test1267.jpg;WFG2FG\trainA
test1268.jpg;WFG2FG\trainA
test1269.jpg;WFG2FG\trainA
test1270.jpg;WFG2FG\trainA
test1271.jpg;WFG2FG\trainA
test1272.jpg;WFG2FG\trainA
test1273.jpg;WFG2FG\trainA
test1274.jpg;WFG2FG\trainA
test1275.jpg;WFG2FG\trainA
test1276.jpg;WFG2FG\trainA
test1277.jpg;WFG2FG\trainA
test1278.jpg;WFG2FG\trainA
test1279.jpg;WFG2FG\trainA
test1280.jpg;WFG2FG\trainA
test1281.jpg;WFG2FG\trainA
test1282.jpg;WFG2FG\trainA
test1283.jpg;WFG2FG\trainA
test1284.jpg;WFG2FG\trainA
test1285.jpg;WFG2FG\trainA
test1286.jpg;WFG2FG\trainA
test1287.jpg;WFG2FG\trainA
test1288.jpg;WFG2FG\trainA
test1289.jpg;WFG2FG\trainA
test1290.jpg;WFG2FG\trainA
test1291.jpg;WFG2FG\trainA
test1292.jpg;WFG2FG\trainA
test1293.jpg;WFG2FG\trainA
test1294.jpg;WFG2FG\trainA
test1295.jpg;WFG2FG\trainA
test1296.jpg;WFG2FG\trainA
test1297.jpg;WFG2FG\trainA
test1298.jpg;WFG2FG\trainA
test1299.jpg;WFG2FG\trainA
test1300.jpg;WFG2FG\trainA
test1301.jpg;WFG2FG\trainA
test1302.jpg;WFG2FG\trainA
test1303.jpg;WFG2FG\trainA
test1304.jpg;WFG2FG\trainA
test1305.jpg;WFG2FG\trainA
test1306.jpg;WFG2FG\trainA
test1307.jpg;WFG2FG\trainA
test1308.jpg;WFG2FG\trainA
test1309.jpg;WFG2FG\trainA
test1310.jpg;WFG2FG\trainA
test1311.jpg;WFG2FG\trainA
test1312.jpg;WFG2FG\trainA
test1313.jpg;WFG2FG\trainA
test1314.jpg;WFG2FG\trainA
test1315.jpg;WFG2FG\trainA
test1316.jpg;WFG2FG\trainA
test1317.jpg;WFG2FG\trainA
test1318.jpg;WFG2FG\trainA
test1319.jpg;WFG2FG\trainA
test1320.jpg;WFG2FG\trainA
test1321.jpg;WFG2FG\trainA
test1322.jpg;WFG2FG\trainA
test1323.jpg;WFG2FG\trainA
test1324.jpg;WFG2FG\trainA
test1325.jpg;WFG2FG\trainA
test1326.jpg;WFG2FG\trainA
test1327.jpg;WFG2FG\trainA
test1328.jpg;WFG2FG\trainA
test1329.jpg;WFG2FG\trainA
test1330.jpg;WFG2FG\trainA
test1331.jpg;WFG2FG\trainA
test1332.jpg;WFG2FG\trainA
test133.jpg;WFG2FG\trainA
test1334.jpg;WFG2FG\trainA
test1335.jpg;WFG2FG\trainA
test1336.jpg;WFG2FG\trainA
test1337.jpg;WFG2FG\trainA
test1338.jpg;WFG2FG\trainA
test1339.jpg;WFG2FG\trainA
test1340.jpg;WFG2FG\trainA
test1341.jpg;WFG2FG\trainA
test1342.jpg;WFG2FG\trainA
test1343.jpg;WFG2FG\trainA
test1344.jpg;WFG2FG\trainA
test1345.jpg;WFG2FG\trainA
test1346.jpg;WFG2FG\trainA
test1347.jpg;WFG2FG\trainA
test1348.jpg;WFG2FG\trainA
test1349.jpg;WFG2FG\trainA
test1350.jpg;WFG2FG\trainA
test1351.jpg;WFG2FG\trainA
test1352.jpg;WFG2FG\trainA
test1353.jpg;WFG2FG\trainA
test1354.jpg;WFG2FG\trainA
test1355.jpg;WFG2FG\trainA
test1356.jpg;WFG2FG\trainA
test1357.jpg;WFG2FG\trainA
test1358.jpg;WFG2FG\trainA
test1359.jpg;WFG2FG\trainA
test1360.jpg;WFG2FG\trainA
test1361.jpg;WFG2FG\trainA
test1362.jpg;WFG2FG\trainA
test1363.jpg;WFG2FG\trainA
test1364.jpg;WFG2FG\trainA
test1365.jpg;WFG2FG\trainA
test1366.jpg;WFG2FG\trainA
test1367.jpg;WFG2FG\trainA
test1368.jpg;WFG2FG\trainA
test1369.jpg;WFG2FG\trainA
test1370.jpg;WFG2FG\trainA
test1371.jpg;WFG2FG\trainA
test1372.jpg;WFG2FG\trainA
test1373.jpg;WFG2FG\trainA
test1374.jpg;WFG2FG\trainA
test1375.jpg;WFG2FG\trainA
test1376.jpg;WFG2FG\trainA
test1377.jpg;WFG2FG\trainA
test1378.jpg;WFG2FG\trainA
test1379.jpg;WFG2FG\trainA
test1380.jpg;WFG2FG\trainA
test1381.jpg;WFG2FG\trainA
test1382.jpg;WFG2FG\trainA
test1383.jpg;WFG2FG\trainA
test1384.jpg;WFG2FG\trainA
test1385.jpg;WFG2FG\trainA
test1386.jpg;WFG2FG\trainA
test1387.jpg;WFG2FG\trainA
test1388.jpg;WFG2FG\trainA
test1389.jpg;WFG2FG\trainA
test1390.jpg;WFG2FG\trainA
test1391.jpg;WFG2FG\trainA
test1392.jpg;WFG2FG\trainA
test1393.jpg;WFG2FG\trainA
test1394.jpg;WFG2FG\trainA
test1395.jpg;WFG2FG\trainA
test1396.jpg;WFG2FG\trainA
test1397.jpg;WFG2FG\trainA
test1398.jpg;WFG2FG\trainA
test1399.jpg;WFG2FG\trainA
test1400.jpg;WFG2FG\trainA
test1401.jpg;WFG2FG\trainA
test1402.jpg;WFG2FG\trainA
test1403.jpg;WFG2FG\trainA
test1404.jpg;WFG2FG\trainA
test1405.jpg;WFG2FG\trainA
test1406.jpg;WFG2FG\trainA
test1407.jpg;WFG2FG\trainA
test1408.jpg;WFG2FG\trainA
test1409.jpg;WFG2FG\trainA
test1410.jpg;WFG2FG\trainA
test1411.jpg;WFG2FG\trainA
test1412.jpg;WFG2FG\trainA
test1413.jpg;WFG2FG\trainA
test1414.jpg;WFG2FG\trainA
test1415.jpg;WFG2FG\trainA
test1416.jpg;WFG2FG\trainA
test1417.jpg;WFG2FG\trainA
test1418.jpg;WFG2FG\trainA
test1419.jpg;WFG2FG\trainA
test1420.jpg;WFG2FG\trainA
test1421.jpg;WFG2FG\trainA
test1422.jpg;WFG2FG\trainA
test1423.jpg;WFG2FG\trainA
test1424.jpg;WFG2FG\trainA
test1425.jpg;WFG2FG\trainA
test1426.jpg;WFG2FG\trainA
test1427.jpg;WFG2FG\trainA
test1428.jpg;WFG2FG\trainA
test1429.jpg;WFG2FG\trainA
test1430.jpg;WFG2FG\trainA
test1431.jpg;WFG2FG\trainA
test1432.jpg;WFG2FG\trainA
test1433.jpg;WFG2FG\trainA
test1434.jpg;WFG2FG\trainA
test1435.jpg;WFG2FG\trainA
test1436.jpg;WFG2FG\trainA
test1437.jpg;WFG2FG\trainA
test1438.jpg;WFG2FG\trainA
test1439.jpg;WFG2FG\trainA
test1440.jpg;WFG2FG\trainA
test1441.jpg;WFG2FG\trainA
test1442.jpg;WFG2FG\trainA
test1443.jpg;WFG2FG\trainA
test1444.jpg;WFG2FG\trainA
test1445.jpg;WFG2FG\trainA
test1446.jpg;WFG2FG\trainA
test1447.jpg;WFG2FG\trainA
test1448.jpg;WFG2FG\trainA
test1449.jpg;WFG2FG\trainA
test1450.jpg;WFG2FG\trainA
test1451.jpg;WFG2FG\trainA
test1452.jpg;WFG2FG\trainA
test1453.jpg;WFG2FG\trainA
test1454.jpg;WFG2FG\trainA
test1455.jpg;WFG2FG\trainA
test1456.jpg;WFG2FG\trainA
test1457.jpg;WFG2FG\trainA
test1458.jpg;WFG2FG\trainA
test1459.jpg;WFG2FG\trainA
test1460.jpg;WFG2FG\trainA
test1461.jpg;WFG2FG\trainA
test1462.jpg;WFG2FG\trainA
test1463.jpg;WFG2FG\trainA
test1464.jpg;WFG2FG\trainA
test1465.jpg;WFG2FG\trainA
test1466.jpg;WFG2FG\trainA
test1467.jpg;WFG2FG\trainA
test1468.jpg;WFG2FG\trainA
test1469.jpg;WFG2FG\trainA
test1470.jpg;WFG2FG\trainA
test1471.jpg;WFG2FG\trainA
test1472.jpg;WFG2FG\trainA
test1473.jpg;WFG2FG\trainA
test1474.jpg;WFG2FG\trainA
test1475.jpg;WFG2FG\trainA
test1476.jpg;WFG2FG\trainA
test1477.jpg;WFG2FG\trainA
test1478.jpg;WFG2FG\trainA
test1479.jpg;WFG2FG\trainA
test1480.jpg;WFG2FG\trainA
test1481.jpg;WFG2FG\trainA
test1482.jpg;WFG2FG\trainA
test1483.jpg;WFG2FG\trainA
test1484.jpg;WFG2FG\trainA
test1485.jpg;WFG2FG\trainA
test1486.jpg;WFG2FG\trainA
test1487.jpg;WFG2FG\trainA
test1488.jpg;WFG2FG\trainA
test1489.jpg;WFG2FG\trainA
test1490.jpg;WFG2FG\trainA
test1491.jpg;WFG2FG\trainA
test1492.jpg;WFG2FG\trainA
test1493.jpg;WFG2FG\trainA
test1494.jpg;WFG2FG\trainA
test1495.jpg;WFG2FG\trainA
test1496.jpg;WFG2FG\trainA
test1497.jpg;WFG2FG\trainA
test1498.jpg;WFG2FG\trainA
test1499.jpg;WFG2FG\trainA
test1500.jpg;WFG2FG\trainA
test1501.jpg;WFG2FG\trainA
test1502.jpg;WFG2FG\trainA
test1503.jpg;WFG2FG\trainA
test1504.jpg;WFG2FG\trainA
test1505.jpg;WFG2FG\trainA
frame1_0001.jpg;WFG2FG\trainB
frame1_0002.jpg;WFG2FG\trainB
frame1_0003.jpg;WFG2FG\trainB
frame1_0004.jpg;WFG2FG\trainB
frame1_0005.jpg;WFG2FG\trainB
frame1_0006.jpg;WFG2FG\trainB
frame1_0007.jpg;WFG2FG\trainB
frame1_0008.jpg;WFG2FG\trainB
frame1_0009.jpg;WFG2FG\trainB
frame1_0010.jpg;WFG2FG\trainB
frame1_0011.jpg;WFG2FG\trainB
frame1_0012.jpg;WFG2FG\trainB
frame1_0013.jpg;WFG2FG\trainB
frame1_0014.jpg;WFG2FG\trainB
frame1_0015.jpg;WFG2FG\trainB
frame1_0016.jpg;WFG2FG\trainB
frame1_0017.jpg;WFG2FG\trainB
frame1_0018.jpg;WFG2FG\trainB
frame1_0019.jpg;WFG2FG\trainB
frame1_0020.jpg;WFG2FG\trainB
frame1_0021.jpg;WFG2FG\trainB
frame1_0022.jpg;WFG2FG\trainB
frame1_0023.jpg;WFG2FG\trainB
frame1_0024.jpg;WFG2FG\trainB
frame1_0025.jpg;WFG2FG\trainB
frame1_0026.jpg;WFG2FG\trainB
frame1_0027.jpg;WFG2FG\trainB
frame1_0028.jpg;WFG2FG\trainB
frame1_0029.jpg;WFG2FG\trainB
frame1_0030.jpg;WFG2FG\trainB
frame1_0031.jpg;WFG2FG\trainB
frame1_0032.jpg;WFG2FG\trainB
frame1_0033.jpg;WFG2FG\trainB
frame1_0034.jpg;WFG2FG\trainB
frame1_0035.jpg;WFG2FG\trainB
frame1_0036.jpg;WFG2FG\trainB
frame1_0037.jpg;WFG2FG\trainB
frame1_0038.jpg;WFG2FG\trainB
frame1_0039.jpg;WFG2FG\trainB
frame1_0040.jpg;WFG2FG\trainB
frame1_0041.jpg;WFG2FG\trainB
frame1_0042.jpg;WFG2FG\trainB
frame1_0043.jpg;WFG2FG\trainB
frame1_0044.jpg;WFG2FG\trainB
frame1_0045.jpg;WFG2FG\trainB
frame1_0046.jpg;WFG2FG\trainB
frame1_0047.jpg;WFG2FG\trainB
frame1_0048.jpg;WFG2FG\trainB
frame1_0049.jpg;WFG2FG\trainB
frame1_0050.jpg;WFG2FG\trainB
frame1_0051.jpg;WFG2FG\trainB
frame1_0052.jpg;WFG2FG\trainB
frame1_0053.jpg;WFG2FG\trainB
frame1_0054.jpg;WFG2FG\trainB
frame1_0055.jpg;WFG2FG\trainB
frame1_0056.jpg;WFG2FG\trainB
frame1_0057.jpg;WFG2FG\trainB
frame1_0058.jpg;WFG2FG\trainB
frame1_0059.jpg;WFG2FG\trainB
frame1_0060.jpg;WFG2FG\trainB
frame1_0061.jpg;WFG2FG\trainB
frame1_0062.jpg;WFG2FG\trainB
frame1_0063.jpg;WFG2FG\trainB
frame1_0064.jpg;WFG2FG\trainB
frame1_0065.jpg;WFG2FG\trainB
frame1_0066.jpg;WFG2FG\trainB
frame1_0067.jpg;WFG2FG\trainB
frame1_0068.jpg;WFG2FG\trainB
frame1_0069.jpg;WFG2FG\trainB
frame1_0070.jpg;WFG2FG\trainB
frame1_0071.jpg;WFG2FG\trainB
frame1_0072.jpg;WFG2FG\trainB
frame1_0073.jpg;WFG2FG\trainB
frame1_0074.jpg;WFG2FG\trainB
frame1_0075.jpg;WFG2FG\trainB
frame1_0076.jpg;WFG2FG\trainB
frame1_0077.jpg;WFG2FG\trainB
frame1_0078.jpg;WFG2FG\trainB
frame1_0079.jpg;WFG2FG\trainB
frame1_0080.jpg;WFG2FG\trainB
frame1_0081.jpg;WFG2FG\trainB
frame1_0082.jpg;WFG2FG\trainB
frame1_0083.jpg;WFG2FG\trainB
frame1_0084.jpg;WFG2FG\trainB
frame1_0085.jpg;WFG2FG\trainB
frame1_0086.jpg;WFG2FG\trainB
frame1_0087.jpg;WFG2FG\trainB
frame1_0088.jpg;WFG2FG\trainB
frame1_0089.jpg;WFG2FG\trainB
frame1_0090.jpg;WFG2FG\trainB
frame1_0091.jpg;WFG2FG\trainB
frame1_0092.jpg;WFG2FG\trainB
frame1_0093.jpg;WFG2FG\trainB
frame1_0094.jpg;WFG2FG\trainB
frame1_0095.jpg;WFG2FG\trainB
frame1_0096.jpg;WFG2FG\trainB
frame1_0097.jpg;WFG2FG\trainB
frame1_0098.jpg;WFG2FG\trainB
frame1_0099.jpg;WFG2FG\trainB
frame1_0100.jpg;WFG2FG\trainB
frame1_0101.jpg;WFG2FG\trainB
frame1_0102.jpg;WFG2FG\trainB
frame1_0103.jpg;WFG2FG\trainB
frame1_0104.jpg;WFG2FG\trainB
frame1_0105.jpg;WFG2FG\trainB
frame1_0106.jpg;WFG2FG\trainB
frame1_0107.jpg;WFG2FG\trainB
frame1_0108.jpg;WFG2FG\trainB
frame1_0109.jpg;WFG2FG\trainB
frame1_0110.jpg;WFG2FG\trainB
frame1_0111.jpg;WFG2FG\trainB
frame1_0112.jpg;WFG2FG\trainB
frame1_0113.jpg;WFG2FG\trainB
frame1_0114.jpg;WFG2FG\trainB
frame1_0115.jpg;WFG2FG\trainB
frame1_0116.jpg;WFG2FG\trainB
frame1_0117.jpg;WFG2FG\trainB
frame1_0118.jpg;WFG2FG\trainB
frame1_0119.jpg;WFG2FG\trainB
frame1_0120.jpg;WFG2FG\trainB
frame1_0121.jpg;WFG2FG\trainB
frame1_0122.jpg;WFG2FG\trainB
frame1_0123.jpg;WFG2FG\trainB
frame1_0124.jpg;WFG2FG\trainB
frame1_0125.jpg;WFG2FG\trainB
frame1_0126.jpg;WFG2FG\trainB
frame1_0127.jpg;WFG2FG\trainB
frame1_0128.jpg;WFG2FG\trainB
frame1_0129.jpg;WFG2FG\trainB
frame1_0130.jpg;WFG2FG\trainB
frame1_0131.jpg;WFG2FG\trainB
frame1_0132.jpg;WFG2FG\trainB
frame1_0133.jpg;WFG2FG\trainB
frame1_0134.jpg;WFG2FG\trainB
frame1_0135.jpg;WFG2FG\trainB
frame1_0136.jpg;WFG2FG\trainB
frame1_0137.jpg;WFG2FG\trainB
frame1_0138.jpg;WFG2FG\trainB
frame1_0139.jpg;WFG2FG\trainB
frame1_0140.jpg;WFG2FG\trainB
frame1_0141.jpg;WFG2FG\trainB
frame1_0142.jpg;WFG2FG\trainB
frame1_0143.jpg;WFG2FG\trainB
frame1_0144.jpg;WFG2FG\trainB
frame2_0001.jpg;WFG2FG\trainB
frame2_0002.jpg;WFG2FG\trainB
frame2_0003.jpg;WFG2FG\trainB
frame2_0004.jpg;WFG2FG\trainB
frame2_0005.jpg;WFG2FG\trainB
frame2_0006.jpg;WFG2FG\trainB
frame2_0007.jpg;WFG2FG\trainB
frame2_0008.jpg;WFG2FG\trainB
frame2_0009.jpg;WFG2FG\trainB
frame2_0010.jpg;WFG2FG\trainB
frame2_0011.jpg;WFG2FG\trainB
frame2_0012.jpg;WFG2FG\trainB
frame2_0013.jpg;WFG2FG\trainB
frame2_0014.jpg;WFG2FG\trainB
frame2_0015.jpg;WFG2FG\trainB
frame2_0016.jpg;WFG2FG\trainB
frame2_0017.jpg;WFG2FG\trainB
frame2_0018.jpg;WFG2FG\trainB
frame2_0019.jpg;WFG2FG\trainB
frame2_0020.jpg;WFG2FG\trainB
frame2_0021.jpg;WFG2FG\trainB
frame2_0022.jpg;WFG2FG\trainB
frame2_0023.jpg;WFG2FG\trainB
frame2_0024.jpg;WFG2FG\trainB
frame2_0025.jpg;WFG2FG\trainB
frame2_0026.jpg;WFG2FG\trainB
frame2_0027.jpg;WFG2FG\trainB
frame2_0028.jpg;WFG2FG\trainB
frame2_0029.jpg;WFG2FG\trainB
frame2_0030.jpg;WFG2FG\trainB
frame2_0031.jpg;WFG2FG\trainB
frame2_0032.jpg;WFG2FG\trainB
frame2_0033.jpg;WFG2FG\trainB
frame2_0034.jpg;WFG2FG\trainB
frame2_0035.jpg;WFG2FG\trainB
frame2_0036.jpg;WFG2FG\trainB
frame2_0037.jpg;WFG2FG\trainB
frame2_0038.jpg;WFG2FG\trainB
frame2_0039.jpg;WFG2FG\trainB
frame2_0040.jpg;WFG2FG\trainB
frame2_0041.jpg;WFG2FG\trainB
frame2_0042.jpg;WFG2FG\trainB
frame2_0043.jpg;WFG2FG\trainB
frame2_0044.jpg;WFG2FG\trainB
frame2_0045.jpg;WFG2FG\trainB
frame2_0046.jpg;WFG2FG\trainB
frame2_0047.jpg;WFG2FG\trainB
frame2_0048.jpg;WFG2FG\trainB
frame2_0049.jpg;WFG2FG\trainB
frame2_0050.jpg;WFG2FG\trainB
frame2_0051.jpg;WFG2FG\trainB
frame2_0052.jpg;WFG2FG\trainB
frame2_0053.jpg;WFG2FG\trainB
frame2_0054.jpg;WFG2FG\trainB
frame2_0055.jpg;WFG2FG\trainB
frame2_0056.jpg;WFG2FG\trainB
frame2_0057.jpg;WFG2FG\trainB
frame2_0058.jpg;WFG2FG\trainB
frame2_0059.jpg;WFG2FG\trainB
frame2_0060.jpg;WFG2FG\trainB
frame2_0061.jpg;WFG2FG\trainB
frame2_0062.jpg;WFG2FG\trainB
frame2_0063.jpg;WFG2FG\trainB
frame2_0064.jpg;WFG2FG\trainB
frame2_0065.jpg;WFG2FG\trainB
frame2_0066.jpg;WFG2FG\trainB
frame2_0067.jpg;WFG2FG\trainB
frame2_0068.jpg;WFG2FG\trainB
frame2_0069.jpg;WFG2FG\trainB
frame2_0070.jpg;WFG2FG\trainB
frame2_0071.jpg;WFG2FG\trainB
frame2_0072.jpg;WFG2FG\trainB
frame2_0073.jpg;WFG2FG\trainB
frame2_0074.jpg;WFG2FG\trainB
frame2_0075.jpg;WFG2FG\trainB
frame2_0076.jpg;WFG2FG\trainB
frame2_0077.jpg;WFG2FG\trainB
frame2_0078.jpg;WFG2FG\trainB
frame2_0079.jpg;WFG2FG\trainB
frame2_0080.jpg;WFG2FG\trainB
frame2_0081.jpg;WFG2FG\trainB
frame2_0082.jpg;WFG2FG\trainB
frame2_0083.jpg;WFG2FG\trainB
frame2_0084.jpg;WFG2FG\trainB
frame2_0085.jpg;WFG2FG\trainB
frame2_0086.jpg;WFG2FG\trainB
frame2_0087.jpg;WFG2FG\trainB
frame2_0088.jpg;WFG2FG\trainB
frame2_0089.jpg;WFG2FG\trainB
frame2_0090.jpg;WFG2FG\trainB
frame2_0091.jpg;WFG2FG\trainB
frame2_0092.jpg;WFG2FG\trainB
frame2_0093.jpg;WFG2FG\trainB
frame2_0094.jpg;WFG2FG\trainB
frame2_0095.jpg;WFG2FG\trainB
frame2_0096.jpg;WFG2FG\trainB
frame2_0097.jpg;WFG2FG\trainB
frame2_0098.jpg;WFG2FG\trainB
frame2_0099.jpg;WFG2FG\trainB
frame2_0100.jpg;WFG2FG\trainB
frame2_0102.jpg;WFG2FG\trainB
frame2_0103.jpg;WFG2FG\trainB
frame2_0104.jpg;WFG2FG\trainB
frame2_0105.jpg;WFG2FG\trainB
frame2_0106.jpg;WFG2FG\trainB
frame2_0107.jpg;WFG2FG\trainB
frame2_0108.jpg;WFG2FG\trainB
frame2_0109.jpg;WFG2FG\trainB
frame2_0110.jpg;WFG2FG\trainB
frame2_0111.jpg;WFG2FG\trainB
frame2_0112.jpg;WFG2FG\trainB
frame2_0113.jpg;WFG2FG\trainB
frame2_0114.jpg;WFG2FG\trainB
frame2_0115.jpg;WFG2FG\trainB
frame2_0116.jpg;WFG2FG\trainB
frame2_0117.jpg;WFG2FG\trainB
frame2_0118.jpg;WFG2FG\trainB
frame2_0119.jpg;WFG2FG\trainB
frame2_0120.jpg;WFG2FG\trainB
frame2_0121.jpg;WFG2FG\trainB
frame2_0122.jpg;WFG2FG\trainB
frame2_0123.jpg;WFG2FG\trainB
frame2_0124.jpg;WFG2FG\trainB
frame2_0125.jpg;WFG2FG\trainB
frame2_0126.jpg;WFG2FG\trainB
frame2_0127.jpg;WFG2FG\trainB
frame2_0128.jpg;WFG2FG\trainB
frame2_0129.jpg;WFG2FG\trainB
frame2_0130.jpg;WFG2FG\trainB
frame2_0131.jpg;WFG2FG\trainB
frame2_0132.jpg;WFG2FG\trainB
frame2_0133.jpg;WFG2FG\trainB
frame2_0134.jpg;WFG2FG\trainB
frame2_0135.jpg;WFG2FG\trainB
frame2_0136.jpg;WFG2FG\trainB
frame2_0137.jpg;WFG2FG\trainB
frame2_0138.jpg;WFG2FG\trainB
frame2_0139.jpg;WFG2FG\trainB
frame2_0140.jpg;WFG2FG\trainB
frame2_0141.jpg;WFG2FG\trainB
frame2_0142.jpg;WFG2FG\trainB
frame2_0143.jpg;WFG2FG\trainB
frame2_0144.jpg;WFG2FG\trainB
frame3_0001.jpg;WFG2FG\trainB
frame3_0002.jpg;WFG2FG\trainB
frame3_0003.jpg;WFG2FG\trainB
frame3_0004.jpg;WFG2FG\trainB
frame3_0005.jpg;WFG2FG\trainB
frame3_0006.jpg;WFG2FG\trainB
frame3_0007.jpg;WFG2FG\trainB
frame3_0008.jpg;WFG2FG\trainB
frame3_0009.jpg;WFG2FG\trainB
frame3_0010.jpg;WFG2FG\trainB
frame3_0011.jpg;WFG2FG\trainB
frame3_0012.jpg;WFG2FG\trainB
frame3_0013.jpg;WFG2FG\trainB
frame3_0014.jpg;WFG2FG\trainB
frame3_0015.jpg;WFG2FG\trainB
frame3_0016.jpg;WFG2FG\trainB
frame3_0017.jpg;WFG2FG\trainB
frame3_0018.jpg;WFG2FG\trainB
frame3_0019.jpg;WFG2FG\trainB
frame3_0020.jpg;WFG2FG\trainB
frame3_0021.jpg;WFG2FG\trainB
frame3_0022.jpg;WFG2FG\trainB
frame3_0023.jpg;WFG2FG\trainB
frame3_0024.jpg;WFG2FG\trainB
frame3_0025.jpg;WFG2FG\trainB
frame3_0026.jpg;WFG2FG\trainB
frame3_0027.jpg;WFG2FG\trainB
frame3_0028.jpg;WFG2FG\trainB
frame3_0029.jpg;WFG2FG\trainB
frame3_0030.jpg;WFG2FG\trainB
frame3_0031.jpg;WFG2FG\trainB
frame3_0032.jpg;WFG2FG\trainB
frame3_0033.jpg;WFG2FG\trainB
frame3_0034.jpg;WFG2FG\trainB
frame3_0035.jpg;WFG2FG\trainB
frame3_0036.jpg;WFG2FG\trainB
frame3_0037.jpg;WFG2FG\trainB
frame3_0038.jpg;WFG2FG\trainB
frame3_0039.jpg;WFG2FG\trainB
frame3_0040.jpg;WFG2FG\trainB
frame3_0041.jpg;WFG2FG\trainB
frame3_0042.jpg;WFG2FG\trainB
frame3_0043.jpg;WFG2FG\trainB
frame3_0044.jpg;WFG2FG\trainB
frame3_0045.jpg;WFG2FG\trainB
frame3_0046.jpg;WFG2FG\trainB
frame3_0047.jpg;WFG2FG\trainB
frame3_0048.jpg;WFG2FG\trainB
frame3_0049.jpg;WFG2FG\trainB
frame3_0050.jpg;WFG2FG\trainB
frame3_0051.jpg;WFG2FG\trainB
frame3_0052.jpg;WFG2FG\trainB
frame3_0053.jpg;WFG2FG\trainB
frame3_0054.jpg;WFG2FG\trainB
frame3_0055.jpg;WFG2FG\trainB
frame3_0056.jpg;WFG2FG\trainB
frame3_0057.jpg;WFG2FG\trainB
frame3_0058.jpg;WFG2FG\trainB
frame3_0059.jpg;WFG2FG\trainB
frame3_0060.jpg;WFG2FG\trainB
frame3_0061.jpg;WFG2FG\trainB
frame3_0062.jpg;WFG2FG\trainB
frame3_0063.jpg;WFG2FG\trainB
frame3_0064.jpg;WFG2FG\trainB
frame3_0065.jpg;WFG2FG\trainB
frame3_0066.jpg;WFG2FG\trainB
frame3_0067.jpg;WFG2FG\trainB
frame3_0068.jpg;WFG2FG\trainB
frame3_0069.jpg;WFG2FG\trainB
frame3_0070.jpg;WFG2FG\trainB
frame3_0071.jpg;WFG2FG\trainB
frame3_0072.jpg;WFG2FG\trainB
frame3_0073.jpg;WFG2FG\trainB
frame3_0074.jpg;WFG2FG\trainB
frame3_0075.jpg;WFG2FG\trainB
frame3_0076.jpg;WFG2FG\trainB
frame3_0077.jpg;WFG2FG\trainB
frame3_0078.jpg;WFG2FG\trainB
frame3_0079.jpg;WFG2FG\trainB
frame3_0080.jpg;WFG2FG\trainB
frame3_0081.jpg;WFG2FG\trainB
frame3_0082.jpg;WFG2FG\trainB
frame3_0083.jpg;WFG2FG\trainB
frame3_0084.jpg;WFG2FG\trainB
frame3_0085.jpg;WFG2FG\trainB
frame3_0086.jpg;WFG2FG\trainB
frame3_0087.jpg;WFG2FG\trainB
frame3_0088.jpg;WFG2FG\trainB
frame3_0089.jpg;WFG2FG\trainB
frame3_0090.jpg;WFG2FG\trainB
frame3_0091.jpg;WFG2FG\trainB
frame3_0092.jpg;WFG2FG\trainB
frame3_0093.jpg;WFG2FG\trainB
frame3_0094.jpg;WFG2FG\trainB
frame3_0095.jpg;WFG2FG\trainB
frame3_0096.jpg;WFG2FG\trainB
frame3_0097.jpg;WFG2FG\trainB
frame3_0098.jpg;WFG2FG\trainB
frame3_0099.jpg;WFG2FG\trainB
frame3_0100.jpg;WFG2FG\trainB
frame3_0101.jpg;WFG2FG\trainB
frame3_0102.jpg;WFG2FG\trainB
frame3_0103.jpg;WFG2FG\trainB
frame3_0104.jpg;WFG2FG\trainB
frame3_0105.jpg;WFG2FG\trainB
frame3_0106.jpg;WFG2FG\trainB
frame3_0107.jpg;WFG2FG\trainB
frame3_0108.jpg;WFG2FG\trainB
frame3_0109.jpg;WFG2FG\trainB
frame3_0110.jpg;WFG2FG\trainB
frame3_0111.jpg;WFG2FG\trainB
frame3_0112.jpg;WFG2FG\trainB
frame3_0113.jpg;WFG2FG\trainB
frame3_0114.jpg;WFG2FG\trainB
frame3_0115.jpg;WFG2FG\trainB
frame3_0116.jpg;WFG2FG\trainB
frame3_0117.jpg;WFG2FG\trainB
frame3_0118.jpg;WFG2FG\trainB
frame3_0119.jpg;WFG2FG\trainB
frame3_0120.jpg;WFG2FG\trainB
frame3_0121.jpg;WFG2FG\trainB
frame3_0122.jpg;WFG2FG\trainB
frame3_0123.jpg;WFG2FG\trainB
frame3_0124.jpg;WFG2FG\trainB
frame3_0125.jpg;WFG2FG\trainB
frame3_0126.jpg;WFG2FG\trainB
frame3_0127.jpg;WFG2FG\trainB
frame3_0128.jpg;WFG2FG\trainB
frame3_0129.jpg;WFG2FG\trainB
frame3_0130.jpg;WFG2FG\trainB
frame3_0131.jpg;WFG2FG\trainB
frame3_0132.jpg;WFG2FG\trainB
frame3_0133.jpg;WFG2FG\trainB
frame3_0134.jpg;WFG2FG\trainB
frame3_0135.jpg;WFG2FG\trainB
frame3_0136.jpg;WFG2FG\trainB
frame3_0137.jpg;WFG2FG\trainB
frame3_0138.jpg;WFG2FG\trainB
frame3_0139.jpg;WFG2FG\trainB
frame3_0140.jpg;WFG2FG\trainB
frame3_0141.jpg;WFG2FG\trainB
frame3_0142.jpg;WFG2FG\trainB
frame3_0143.jpg;WFG2FG\trainB
frame3_0144.jpg;WFG2FG\trainB
frame4_0001.jpg;WFG2FG\trainB
frame4_0002.jpg;WFG2FG\trainB
frame4_0003.jpg;WFG2FG\trainB
frame4_0004.jpg;WFG2FG\trainB
frame4_0005.jpg;WFG2FG\trainB
frame4_0006.jpg;WFG2FG\trainB
frame4_0007.jpg;WFG2FG\trainB
frame4_0008.jpg;WFG2FG\trainB
frame4_0010.jpg;WFG2FG\trainB
frame4_0011.jpg;WFG2FG\trainB
frame4_0012.jpg;WFG2FG\trainB
frame4_0013.jpg;WFG2FG\trainB
frame4_0014.jpg;WFG2FG\trainB
frame4_0015.jpg;WFG2FG\trainB
frame4_0016.jpg;WFG2FG\trainB
frame4_0017.jpg;WFG2FG\trainB
frame4_0018.jpg;WFG2FG\trainB
frame4_0019.jpg;WFG2FG\trainB
frame4_0020.jpg;WFG2FG\trainB
frame4_0021.jpg;WFG2FG\trainB
frame4_0022.jpg;WFG2FG\trainB
frame4_0023.jpg;WFG2FG\trainB
frame4_0024.jpg;WFG2FG\trainB
frame4_0025.jpg;WFG2FG\trainB
frame4_0026.jpg;WFG2FG\trainB
frame4_0027.jpg;WFG2FG\trainB
frame4_0028.jpg;WFG2FG\trainB
frame4_0029.jpg;WFG2FG\trainB
frame4_0030.jpg;WFG2FG\trainB
frame4_0031.jpg;WFG2FG\trainB
frame4_0032.jpg;WFG2FG\trainB
frame4_0033.jpg;WFG2FG\trainB
frame4_0034.jpg;WFG2FG\trainB
frame4_0035.jpg;WFG2FG\trainB
frame4_0036.jpg;WFG2FG\trainB
frame4_0037.jpg;WFG2FG\trainB
frame4_0038.jpg;WFG2FG\trainB
frame4_0039.jpg;WFG2FG\trainB
frame4_0040.jpg;WFG2FG\trainB
frame4_0041.jpg;WFG2FG\trainB
frame4_0042.jpg;WFG2FG\trainB
frame4_0043.jpg;WFG2FG\trainB
frame4_0044.jpg;WFG2FG\trainB
frame4_0045.jpg;WFG2FG\trainB
frame4_0046.jpg;WFG2FG\trainB
frame4_0047.jpg;WFG2FG\trainB
frame4_0048.jpg;WFG2FG\trainB
frame4_0049.jpg;WFG2FG\trainB
frame4_0050.jpg;WFG2FG\trainB
frame4_0051.jpg;WFG2FG\trainB
frame4_0052.jpg;WFG2FG\trainB
frame4_0053.jpg;WFG2FG\trainB
frame4_0054.jpg;WFG2FG\trainB
frame4_0055.jpg;WFG2FG\trainB
frame4_0056.jpg;WFG2FG\trainB
frame4_0057.jpg;WFG2FG\trainB
frame4_0058.jpg;WFG2FG\trainB
frame4_0059.jpg;WFG2FG\trainB
frame4_0060.jpg;WFG2FG\trainB
frame4_0061.jpg;WFG2FG\trainB
frame4_0062.jpg;WFG2FG\trainB
frame4_0063.jpg;WFG2FG\trainB
frame4_0064.jpg;WFG2FG\trainB
frame4_0065.jpg;WFG2FG\trainB
frame4_0066.jpg;WFG2FG\trainB
frame4_0067.jpg;WFG2FG\trainB
frame4_0068.jpg;WFG2FG\trainB
frame4_0069.jpg;WFG2FG\trainB
frame4_0070.jpg;WFG2FG\trainB
frame4_0071.jpg;WFG2FG\trainB
frame4_0072.jpg;WFG2FG\trainB
frame4_0073.jpg;WFG2FG\trainB
frame4_0074.jpg;WFG2FG\trainB
frame4_0075.jpg;WFG2FG\trainB
frame4_0076.jpg;WFG2FG\trainB
frame4_0077.jpg;WFG2FG\trainB
frame4_0078.jpg;WFG2FG\trainB
frame4_0079.jpg;WFG2FG\trainB
frame4_0080.jpg;WFG2FG\trainB
frame4_0081.jpg;WFG2FG\trainB
frame4_0082.jpg;WFG2FG\trainB
frame4_0083.jpg;WFG2FG\trainB
frame4_0084.jpg;WFG2FG\trainB
frame4_0085.jpg;WFG2FG\trainB
frame4_0086.jpg;WFG2FG\trainB
frame4_0087.jpg;WFG2FG\trainB
frame4_0088.jpg;WFG2FG\trainB
frame4_0089.jpg;WFG2FG\trainB
frame4_0090.jpg;WFG2FG\trainB
frame4_0091.jpg;WFG2FG\trainB
frame4_0092.jpg;WFG2FG\trainB
frame4_0093.jpg;WFG2FG\trainB
frame4_0094.jpg;WFG2FG\trainB
frame4_0095.jpg;WFG2FG\trainB
frame4_0096.jpg;WFG2FG\trainB
frame4_0097.jpg;WFG2FG\trainB
frame4_0098.jpg;WFG2FG\trainB
frame4_0099.jpg;WFG2FG\trainB
frame4_0100.jpg;WFG2FG\trainB
frame4_0101.jpg;WFG2FG\trainB
frame4_0102.jpg;WFG2FG\trainB
frame4_0103.jpg;WFG2FG\trainB
frame4_0104.jpg;WFG2FG\trainB
frame4_0105.jpg;WFG2FG\trainB
frame4_0106.jpg;WFG2FG\trainB
frame4_0107.jpg;WFG2FG\trainB
frame4_0108.jpg;WFG2FG\trainB
frame4_0109.jpg;WFG2FG\trainB
frame4_0110.jpg;WFG2FG\trainB
frame4_0111.jpg;WFG2FG\trainB
frame4_0112.jpg;WFG2FG\trainB
frame4_0113.jpg;WFG2FG\trainB
frame4_0114.jpg;WFG2FG\trainB
frame4_0115.jpg;WFG2FG\trainB
frame4_0116.jpg;WFG2FG\trainB
frame4_0117.jpg;WFG2FG\trainB
frame4_0118.jpg;WFG2FG\trainB
frame4_0119.jpg;WFG2FG\trainB
frame4_0120.jpg;WFG2FG\trainB
frame4_0121.jpg;WFG2FG\trainB
frame4_0122.jpg;WFG2FG\trainB
frame4_0123.jpg;WFG2FG\trainB
frame4_0124.jpg;WFG2FG\trainB
frame4_0125.jpg;WFG2FG\trainB
frame4_0126.jpg;WFG2FG\trainB
frame4_0127.jpg;WFG2FG\trainB
frame4_0128.jpg;WFG2FG\trainB
frame4_0129.jpg;WFG2FG\trainB
frame4_0130.jpg;WFG2FG\trainB
frame4_0131.jpg;WFG2FG\trainB
frame4_0132.jpg;WFG2FG\trainB
frame4_0133.jpg;WFG2FG\trainB
frame4_0134.jpg;WFG2FG\trainB
frame4_0135.jpg;WFG2FG\trainB
frame4_0136.jpg;WFG2FG\trainB
frame4_0137.jpg;WFG2FG\trainB
frame4_0138.jpg;WFG2FG\trainB
frame4_0139.jpg;WFG2FG\trainB
frame4_0140.jpg;WFG2FG\trainB
frame4_0141.jpg;WFG2FG\trainB
frame4_0142.jpg;WFG2FG\trainB
frame4_0143.jpg;WFG2FG\trainB
frame4_0144.jpg;WFG2FG\trainB
frame5_0001.jpg;WFG2FG\trainB
frame5_0002.jpg;WFG2FG\trainB
frame5_0003.jpg;WFG2FG\trainB
frame5_0004.jpg;WFG2FG\trainB
frame5_0005.jpg;WFG2FG\trainB
frame5_0006.jpg;WFG2FG\trainB
frame5_0007.jpg;WFG2FG\trainB
frame5_0008.jpg;WFG2FG\trainB
frame5_0009.jpg;WFG2FG\trainB
frame5_0010.jpg;WFG2FG\trainB
frame5_0011.jpg;WFG2FG\trainB
frame5_0012.jpg;WFG2FG\trainB
frame5_0013.jpg;WFG2FG\trainB
frame5_0014.jpg;WFG2FG\trainB
frame5_0015.jpg;WFG2FG\trainB
frame5_0016.jpg;WFG2FG\trainB
frame5_0017.jpg;WFG2FG\trainB
frame5_0018.jpg;WFG2FG\trainB
frame5_0019.jpg;WFG2FG\trainB
frame5_0020.jpg;WFG2FG\trainB
frame5_0021.jpg;WFG2FG\trainB
frame5_0022.jpg;WFG2FG\trainB
frame5_0023.jpg;WFG2FG\trainB
frame5_0024.jpg;WFG2FG\trainB
frame5_0025.jpg;WFG2FG\trainB
frame5_0026.jpg;WFG2FG\trainB
frame5_0027.jpg;WFG2FG\trainB
frame5_0028.jpg;WFG2FG\trainB
frame5_0029.jpg;WFG2FG\trainB
frame5_0030.jpg;WFG2FG\trainB
frame5_0031.jpg;WFG2FG\trainB
frame5_0032.jpg;WFG2FG\trainB
frame5_0033.jpg;WFG2FG\trainB
frame5_0034.jpg;WFG2FG\trainB
frame5_0035.jpg;WFG2FG\trainB
frame5_0036.jpg;WFG2FG\trainB
frame5_0037.jpg;WFG2FG\trainB
frame5_0038.jpg;WFG2FG\trainB
frame5_0039.jpg;WFG2FG\trainB
frame5_0040.jpg;WFG2FG\trainB
frame5_0041.jpg;WFG2FG\trainB
frame5_0042.jpg;WFG2FG\trainB
frame5_0043.jpg;WFG2FG\trainB
frame5_0044.jpg;WFG2FG\trainB
frame5_0045.jpg;WFG2FG\trainB
frame5_0046.jpg;WFG2FG\trainB
frame5_0047.jpg;WFG2FG\trainB
frame5_0048.jpg;WFG2FG\trainB
frame5_0049.jpg;WFG2FG\trainB
frame5_0050.jpg;WFG2FG\trainB
frame5_0051.jpg;WFG2FG\trainB
frame5_0052.jpg;WFG2FG\trainB
frame5_0053.jpg;WFG2FG\trainB
frame5_0054.jpg;WFG2FG\trainB
frame5_0055.jpg;WFG2FG\trainB
frame5_0056.jpg;WFG2FG\trainB
frame5_0057.jpg;WFG2FG\trainB
frame5_0058.jpg;WFG2FG\trainB
frame5_0059.jpg;WFG2FG\trainB
frame5_0060.jpg;WFG2FG\trainB
frame5_0061.jpg;WFG2FG\trainB
frame5_0062.jpg;WFG2FG\trainB
frame5_0063.jpg;WFG2FG\trainB
frame5_0064.jpg;WFG2FG\trainB
frame5_0065.jpg;WFG2FG\trainB
frame5_0066.jpg;WFG2FG\trainB
frame5_0067.jpg;WFG2FG\trainB
frame5_0068.jpg;WFG2FG\trainB
frame5_0069.jpg;WFG2FG\trainB
frame5_0070.jpg;WFG2FG\trainB
frame5_0071.jpg;WFG2FG\trainB
frame5_0072.jpg;WFG2FG\trainB
frame5_0073.jpg;WFG2FG\trainB
frame5_0074.jpg;WFG2FG\trainB
frame5_0075.jpg;WFG2FG\trainB
frame5_0076.jpg;WFG2FG\trainB
frame5_0077.jpg;WFG2FG\trainB
frame5_0078.jpg;WFG2FG\trainB
frame5_0079.jpg;WFG2FG\trainB
frame5_0080.jpg;WFG2FG\trainB
frame5_0081.jpg;WFG2FG\trainB
frame5_0082.jpg;WFG2FG\trainB
frame5_0083.jpg;WFG2FG\trainB
frame5_0084.jpg;WFG2FG\trainB
frame5_0085.jpg;WFG2FG\trainB
frame5_0086.jpg;WFG2FG\trainB
frame5_0087.jpg;WFG2FG\trainB
frame5_0088.jpg;WFG2FG\trainB
frame5_0089.jpg;WFG2FG\trainB
frame5_0090.jpg;WFG2FG\trainB
frame5_0091.jpg;WFG2FG\trainB
frame5_0092.jpg;WFG2FG\trainB
frame5_0093.jpg;WFG2FG\trainB
frame5_0094.jpg;WFG2FG\trainB
frame5_0095.jpg;WFG2FG\trainB
frame5_0096.jpg;WFG2FG\trainB
frame5_0097.jpg;WFG2FG\trainB
frame5_0098.jpg;WFG2FG\trainB
frame5_0099.jpg;WFG2FG\trainB
frame5_0100.jpg;WFG2FG\trainB
frame5_0101.jpg;WFG2FG\trainB
frame5_0102.jpg;WFG2FG\trainB
frame5_0103.jpg;WFG2FG\trainB
frame5_0104.jpg;WFG2FG\trainB
frame5_0105.jpg;WFG2FG\trainB
frame5_0106.jpg;WFG2FG\trainB
frame5_0107.jpg;WFG2FG\trainB
frame5_0108.jpg;WFG2FG\trainB
frame5_0109.jpg;WFG2FG\trainB
frame5_0110.jpg;WFG2FG\trainB
frame5_0111.jpg;WFG2FG\trainB
frame5_0112.jpg;WFG2FG\trainB
frame5_0113.jpg;WFG2FG\trainB
frame5_0114.jpg;WFG2FG\trainB
frame5_0115.jpg;WFG2FG\trainB
frame5_0116.jpg;WFG2FG\trainB
frame5_0117.jpg;WFG2FG\trainB
frame5_0118.jpg;WFG2FG\trainB
frame5_0119.jpg;WFG2FG\trainB
frame5_0120.jpg;WFG2FG\trainB
frame5_0121.jpg;WFG2FG\trainB
frame5_0122.jpg;WFG2FG\trainB
frame5_0123.jpg;WFG2FG\trainB
frame5_0124.jpg;WFG2FG\trainB
frame5_0125.jpg;WFG2FG\trainB
frame5_0126.jpg;WFG2FG\trainB
frame5_0127.jpg;WFG2FG\trainB
frame5_0128.jpg;WFG2FG\trainB
frame5_0129.jpg;WFG2FG\trainB
frame5_0130.jpg;WFG2FG\trainB
frame5_0131.jpg;WFG2FG\trainB
frame5_0132.jpg;WFG2FG\trainB
frame5_0133.jpg;WFG2FG\trainB
frame5_0134.jpg;WFG2FG\trainB
frame5_0135.jpg;WFG2FG\trainB
frame5_0136.jpg;WFG2FG\trainB
frame5_0137.jpg;WFG2FG\trainB
frame5_0138.jpg;WFG2FG\trainB
frame5_0139.jpg;WFG2FG\trainB
frame5_0140.jpg;WFG2FG\trainB
frame5_0141.jpg;WFG2FG\trainB
frame5_0142.jpg;WFG2FG\trainB
frame5_0143.jpg;WFG2FG\trainB
frame5_0144.jpg;WFG2FG\trainB
frame6_0001.jpg;WFG2FG\trainB
frame6_0002.jpg;WFG2FG\trainB
frame6_0003.jpg;WFG2FG\trainB
frame6_0004.jpg;WFG2FG\trainB
frame6_0005.jpg;WFG2FG\trainB
frame6_0006.jpg;WFG2FG\trainB
frame6_0007.jpg;WFG2FG\trainB
frame6_0008.jpg;WFG2FG\trainB
frame6_0009.jpg;WFG2FG\trainB
frame6_0010.jpg;WFG2FG\trainB
frame6_0011.jpg;WFG2FG\trainB
frame6_0012.jpg;WFG2FG\trainB
frame6_0013.jpg;WFG2FG\trainB
frame6_0014.jpg;WFG2FG\trainB
frame6_0015.jpg;WFG2FG\trainB
frame6_0016.jpg;WFG2FG\trainB
frame6_0017.jpg;WFG2FG\trainB
frame6_0018.jpg;WFG2FG\trainB
frame6_0019.jpg;WFG2FG\trainB
frame6_0020.jpg;WFG2FG\trainB
frame6_0021.jpg;WFG2FG\trainB
frame6_0022.jpg;WFG2FG\trainB
frame6_0023.jpg;WFG2FG\trainB
frame6_0024.jpg;WFG2FG\trainB
frame6_0025.jpg;WFG2FG\trainB
frame6_0026.jpg;WFG2FG\trainB
frame6_0027.jpg;WFG2FG\trainB
frame6_0028.jpg;WFG2FG\trainB
frame6_0029.jpg;WFG2FG\trainB
frame6_0030.jpg;WFG2FG\trainB
frame6_0031.jpg;WFG2FG\trainB
frame6_0032.jpg;WFG2FG\trainB
frame6_0033.jpg;WFG2FG\trainB
frame6_0034.jpg;WFG2FG\trainB
frame6_0035.jpg;WFG2FG\trainB
frame6_0036.jpg;WFG2FG\trainB
frame6_0037.jpg;WFG2FG\trainB
frame6_0038.jpg;WFG2FG\trainB
frame6_0039.jpg;WFG2FG\trainB
frame6_0040.jpg;WFG2FG\trainB
frame6_0041.jpg;WFG2FG\trainB
frame6_0042.jpg;WFG2FG\trainB
frame6_0043.jpg;WFG2FG\trainB
frame6_0044.jpg;WFG2FG\trainB
frame6_0045.jpg;WFG2FG\trainB
frame6_0046.jpg;WFG2FG\trainB
frame6_0047.jpg;WFG2FG\trainB
frame6_0048.jpg;WFG2FG\trainB
frame6_0049.jpg;WFG2FG\trainB
frame6_0050.jpg;WFG2FG\trainB
frame6_0051.jpg;WFG2FG\trainB
frame6_0052.jpg;WFG2FG\trainB
frame6_0053.jpg;WFG2FG\trainB
frame6_0054.jpg;WFG2FG\trainB
frame6_0055.jpg;WFG2FG\trainB
frame6_0056.jpg;WFG2FG\trainB
frame6_0057.jpg;WFG2FG\trainB
frame7_0001.jpg;WFG2FG\trainB
frame7_0002.jpg;WFG2FG\trainB
frame7_0003.jpg;WFG2FG\trainB
frame7_0004.jpg;WFG2FG\trainB
frame7_0005.jpg;WFG2FG\trainB
frame7_0006.jpg;WFG2FG\trainB
frame7_0007.jpg;WFG2FG\trainB
frame7_0008.jpg;WFG2FG\trainB
frame7_0009.jpg;WFG2FG\trainB
frame7_0010.jpg;WFG2FG\trainB
frame7_0011.jpg;WFG2FG\trainB
frame7_0012.jpg;WFG2FG\trainB
frame7_0013.jpg;WFG2FG\trainB
frame7_0014.jpg;WFG2FG\trainB
frame7_0015.jpg;WFG2FG\trainB
frame7_0016.jpg;WFG2FG\trainB
frame7_0017.jpg;WFG2FG\trainB
frame7_0018.jpg;WFG2FG\trainB
frame7_0019.jpg;WFG2FG\trainB
frame7_0020.jpg;WFG2FG\trainB
frame7_0021.jpg;WFG2FG\trainB
frame7_0022.jpg;WFG2FG\trainB
frame7_0023.jpg;WFG2FG\trainB
frame7_0024.jpg;WFG2FG\trainB
frame7_0025.jpg;WFG2FG\trainB
frame7_0026.jpg;WFG2FG\trainB
frame7_0027.jpg;WFG2FG\trainB
frame7_0028.jpg;WFG2FG\trainB
frame7_0029.jpg;WFG2FG\trainB
frame7_0030.jpg;WFG2FG\trainB
frame7_0031.jpg;WFG2FG\trainB
frame7_0032.jpg;WFG2FG\trainB
frame7_0033.jpg;WFG2FG\trainB
frame7_0034.jpg;WFG2FG\trainB
frame7_0035.jpg;WFG2FG\trainB
frame7_0036.jpg;WFG2FG\trainB
frame7_0037.jpg;WFG2FG\trainB
frame7_0038.jpg;WFG2FG\trainB
frame7_0039.jpg;WFG2FG\trainB
frame7_0040.jpg;WFG2FG\trainB
frame7_0041.jpg;WFG2FG\trainB
frame7_0042.jpg;WFG2FG\trainB
frame7_0043.jpg;WFG2FG\trainB
frame7_0044.jpg;WFG2FG\trainB
frame7_0045.jpg;WFG2FG\trainB
frame7_0046.jpg;WFG2FG\trainB
frame7_0047.jpg;WFG2FG\trainB
frame7_0048.jpg;WFG2FG\trainB
frame7_0049.jpg;WFG2FG\trainB
frame7_0050.jpg;WFG2FG\trainB
frame7_0051.jpg;WFG2FG\trainB
frame7_0052.jpg;WFG2FG\trainB
frame7_0053.jpg;WFG2FG\trainB
frame7_0054.jpg;WFG2FG\trainB
frame7_0055.jpg;WFG2FG\trainB
frame7_0056.jpg;WFG2FG\trainB
frame7_0057.jpg;WFG2FG\trainB
frame8_0001.jpg;WFG2FG\trainB
frame8_0002.jpg;WFG2FG\trainB
frame8_0003.jpg;WFG2FG\trainB
frame8_0004.jpg;WFG2FG\trainB
frame8_0005.jpg;WFG2FG\trainB
frame8_0006.jpg;WFG2FG\trainB
frame8_0007.jpg;WFG2FG\trainB
frame8_0008.jpg;WFG2FG\trainB
frame8_0009.jpg;WFG2FG\trainB
frame8_0010.jpg;WFG2FG\trainB
frame8_0011.jpg;WFG2FG\trainB
frame8_0012.jpg;WFG2FG\trainB
frame8_0013.jpg;WFG2FG\trainB
frame8_0014.jpg;WFG2FG\trainB
frame8_0015.jpg;WFG2FG\trainB
frame8_0016.jpg;WFG2FG\trainB
frame8_0017.jpg;WFG2FG\trainB
frame8_0018.jpg;WFG2FG\trainB
frame8_0019.jpg;WFG2FG\trainB
frame8_0020.jpg;WFG2FG\trainB
frame8_0021.jpg;WFG2FG\trainB
frame8_0022.jpg;WFG2FG\trainB
frame8_0023.jpg;WFG2FG\trainB
frame8_0024.jpg;WFG2FG\trainB
frame8_0025.jpg;WFG2FG\trainB
frame8_0026.jpg;WFG2FG\trainB
frame8_0027.jpg;WFG2FG\trainB
frame8_0028.jpg;WFG2FG\trainB
frame8_0029.jpg;WFG2FG\trainB
frame8_0030.jpg;WFG2FG\trainB
frame8_0031.jpg;WFG2FG\trainB
frame8_0032.jpg;WFG2FG\trainB
frame8_0033.jpg;WFG2FG\trainB
frame8_0034.jpg;WFG2FG\trainB
frame8_0035.jpg;WFG2FG\trainB
frame8_0036.jpg;WFG2FG\trainB
frame8_0037.jpg;WFG2FG\trainB
frame8_0038.jpg;WFG2FG\trainB
frame8_0039.jpg;WFG2FG\trainB
frame8_0040.jpg;WFG2FG\trainB
frame8_0041.jpg;WFG2FG\trainB
frame8_0042.jpg;WFG2FG\trainB
frame8_0043.jpg;WFG2FG\trainB
frame8_0044.jpg;WFG2FG\trainB
frame8_0045.jpg;WFG2FG\trainB
frame8_0046.jpg;WFG2FG\trainB
frame8_0047.jpg;WFG2FG\trainB
frame8_0048.jpg;WFG2FG\trainB
frame8_0049.jpg;WFG2FG\trainB
frame8_0050.jpg;WFG2FG\trainB
frame8_0051.jpg;WFG2FG\trainB
frame8_0052.jpg;WFG2FG\trainB
frame8_0053.jpg;WFG2FG\trainB
frame8_0054.jpg;WFG2FG\trainB
frame8_0055.jpg;WFG2FG\trainB
frame8_0056.jpg;WFG2FG\trainB
frame8_0057.jpg;WFG2FG\trainB
frame9_0001.jpg;WFG2FG\trainB
frame9_0002.jpg;WFG2FG\trainB
frame9_0003.jpg;WFG2FG\trainB
frame9_0004.jpg;WFG2FG\trainB
frame9_0005.jpg;WFG2FG\trainB
frame9_0006.jpg;WFG2FG\trainB
frame9_0007.jpg;WFG2FG\trainB
frame9_0008.jpg;WFG2FG\trainB
frame9_0009.jpg;WFG2FG\trainB
frame9_0010.jpg;WFG2FG\trainB
frame9_0011.jpg;WFG2FG\trainB
frame9_0012.jpg;WFG2FG\trainB
frame9_0013.jpg;WFG2FG\trainB
frame9_0014.jpg;WFG2FG\trainB
frame9_0015.jpg;WFG2FG\trainB
frame9_0016.jpg;WFG2FG\trainB
frame9_0017.jpg;WFG2FG\trainB
frame9_0018.jpg;WFG2FG\trainB
frame9_0019.jpg;WFG2FG\trainB
frame9_0020.jpg;WFG2FG\trainB
frame9_0021.jpg;WFG2FG\trainB
frame9_0022.jpg;WFG2FG\trainB
frame9_0023.jpg;WFG2FG\trainB
frame9_0024.jpg;WFG2FG\trainB
frame9_0025.jpg;WFG2FG\trainB
frame9_0026.jpg;WFG2FG\trainB
frame9_0027.jpg;WFG2FG\trainB
frame9_0028.jpg;WFG2FG\trainB
frame9_0029.jpg;WFG2FG\trainB
frame9_0030.jpg;WFG2FG\trainB
frame9_0031.jpg;WFG2FG\trainB
frame9_0032.jpg;WFG2FG\trainB
frame9_0033.jpg;WFG2FG\trainB
frame9_0034.jpg;WFG2FG\trainB
frame9_0035.jpg;WFG2FG\trainB
frame9_0036.jpg;WFG2FG\trainB
frame9_0037.jpg;WFG2FG\trainB
frame9_0038.jpg;WFG2FG\trainB
frame9_0039.jpg;WFG2FG\trainB
frame9_0040.jpg;WFG2FG\trainB
frame9_0041.jpg;WFG2FG\trainB
frame9_0042.jpg;WFG2FG\trainB
frame9_0043.jpg;WFG2FG\trainB
frame9_0044.jpg;WFG2FG\trainB
frame9_0045.jpg;WFG2FG\trainB
frame9_0046.jpg;WFG2FG\trainB
frame9_0047.jpg;WFG2FG\trainB
frame9_0048.jpg;WFG2FG\trainB
frame9_0049.jpg;WFG2FG\trainB
frame9_0050.jpg;WFG2FG\trainB
frame9_0051.jpg;WFG2FG\trainB
frame9_0052.jpg;WFG2FG\trainB
frame9_0053.jpg;WFG2FG\trainB
frame9_0054.jpg;WFG2FG\trainB
frame9_0055.jpg;WFG2FG\trainB
frame9_0056.jpg;WFG2FG\trainB
frame9_0057.jpg;WFG2FG\trainB
frame10_0001.jpg;WFG2FG\trainB
frame10_0002.jpg;WFG2FG\trainB
frame10_0003.jpg;WFG2FG\trainB
frame10_0004.jpg;WFG2FG\trainB
frame10_0005.jpg;WFG2FG\trainB
frame10_0006.jpg;WFG2FG\trainB
frame10_0007.jpg;WFG2FG\trainB
frame10_0008.jpg;WFG2FG\trainB
frame10_0009.jpg;WFG2FG\trainB
frame10_0010.jpg;WFG2FG\trainB
frame10_0011.jpg;WFG2FG\trainB
frame10_0012.jpg;WFG2FG\trainB
frame10_0013.jpg;WFG2FG\trainB
frame10_0014.jpg;WFG2FG\trainB
frame10_0015.jpg;WFG2FG\trainB
frame10_0016.jpg;WFG2FG\trainB
frame10_0017.jpg;WFG2FG\trainB
frame10_0018.jpg;WFG2FG\trainB
frame10_0019.jpg;WFG2FG\trainB
frame10_0020.jpg;WFG2FG\trainB
frame10_0021.jpg;WFG2FG\trainB
frame10_0022.jpg;WFG2FG\trainB
frame10_0023.jpg;WFG2FG\trainB
frame10_0024.jpg;WFG2FG\trainB
frame10_0025.jpg;WFG2FG\trainB
frame10_0026.jpg;WFG2FG\trainB
frame10_0027.jpg;WFG2FG\trainB
frame10_0028.jpg;WFG2FG\trainB
frame10_0029.jpg;WFG2FG\trainB
frame10_0030.jpg;WFG2FG\trainB
frame10_0031.jpg;WFG2FG\trainB
frame10_0032.jpg;WFG2FG\trainB
frame10_0033.jpg;WFG2FG\trainB
frame10_0034.jpg;WFG2FG\trainB
frame10_0035.jpg;WFG2FG\trainB
frame10_0036.jpg;WFG2FG\trainB
frame10_0037.jpg;WFG2FG\trainB
frame10_0038.jpg;WFG2FG\trainB
frame10_0039.jpg;WFG2FG\trainB
frame10_0040.jpg;WFG2FG\trainB
frame10_0041.jpg;WFG2FG\trainB
frame10_0042.jpg;WFG2FG\trainB
frame10_0043.jpg;WFG2FG\trainB
frame10_0044.jpg;WFG2FG\trainB
frame10_0045.jpg;WFG2FG\trainB
frame10_0046.jpg;WFG2FG\trainB
frame10_0047.jpg;WFG2FG\trainB
frame10_0048.jpg;WFG2FG\trainB
frame10_0049.jpg;WFG2FG\trainB
frame10_0050.jpg;WFG2FG\trainB
frame10_0051.jpg;WFG2FG\trainB
frame10_0052.jpg;WFG2FG\trainB
frame10_0053.jpg;WFG2FG\trainB
frame10_0054.jpg;WFG2FG\trainB
frame10_0055.jpg;WFG2FG\trainB
frame10_0056.jpg;WFG2FG\trainB
frame10_0057.jpg;WFG2FG\trainB
frame11_0001.jpg;WFG2FG\trainB
frame11_0002.jpg;WFG2FG\trainB
frame11_0003.jpg;WFG2FG\trainB
frame11_0004.jpg;WFG2FG\trainB
frame11_0005.jpg;WFG2FG\trainB
frame11_0006.jpg;WFG2FG\trainB
frame11_0007.jpg;WFG2FG\trainB
frame11_0008.jpg;WFG2FG\trainB
frame11_0009.jpg;WFG2FG\trainB
frame11_0010.jpg;WFG2FG\trainB
frame11_0011.jpg;WFG2FG\trainB
frame11_0012.jpg;WFG2FG\trainB
frame11_0013.jpg;WFG2FG\trainB
frame11_0014.jpg;WFG2FG\trainB
frame11_0015.jpg;WFG2FG\trainB
frame11_0016.jpg;WFG2FG\trainB
frame11_0017.jpg;WFG2FG\trainB
frame11_0018.jpg;WFG2FG\trainB
frame11_0019.jpg;WFG2FG\trainB
frame11_0020.jpg;WFG2FG\trainB
frame11_0021.jpg;WFG2FG\trainB
frame11_0022.jpg;WFG2FG\trainB
frame11_0023.jpg;WFG2FG\trainB
frame11_0024.jpg;WFG2FG\trainB
frame11_0025.jpg;WFG2FG\trainB
frame11_0026.jpg;WFG2FG\trainB
frame11_0027.jpg;WFG2FG\trainB
frame11_0028.jpg;WFG2FG\trainB
frame11_0029.jpg;WFG2FG\trainB
frame11_0030.jpg;WFG2FG\trainB
frame11_0031.jpg;WFG2FG\trainB
frame11_0032.jpg;WFG2FG\trainB
frame11_0033.jpg;WFG2FG\trainB
frame11_0034.jpg;WFG2FG\trainB
frame11_0035.jpg;WFG2FG\trainB
frame11_0036.jpg;WFG2FG\trainB
frame11_0037.jpg;WFG2FG\trainB
frame11_0038.jpg;WFG2FG\trainB
frame11_0039.jpg;WFG2FG\trainB
frame11_0040.jpg;WFG2FG\trainB
frame11_0041.jpg;WFG2FG\trainB
frame11_0042.jpg;WFG2FG\trainB
frame11_0043.jpg;WFG2FG\trainB
frame11_0044.jpg;WFG2FG\trainB
frame11_0045.jpg;WFG2FG\trainB
frame11_0046.jpg;WFG2FG\trainB
frame11_0047.jpg;WFG2FG\trainB
frame11_0048.jpg;WFG2FG\trainB
frame11_0049.jpg;WFG2FG\trainB
frame11_0050.jpg;WFG2FG\trainB
frame11_0051.jpg;WFG2FG\trainB
frame11_0052.jpg;WFG2FG\trainB
frame11_0053.jpg;WFG2FG\trainB
frame11_0054.jpg;WFG2FG\trainB
frame11_0055.jpg;WFG2FG\trainB
frame11_0056.jpg;WFG2FG\trainB
frame11_0057.jpg;WFG2FG\trainB
frames_0001.jpg;WFG2FG\trainB
frames_0002.jpg;WFG2FG\trainB
frames_0003.jpg;WFG2FG\trainB
frames_0004.jpg;WFG2FG\trainB
frames_0005.jpg;WFG2FG\trainB
frames_0006.jpg;WFG2FG\trainB
frames_0007.jpg;WFG2FG\trainB
frames_0008.jpg;WFG2FG\trainB
frames_0009.jpg;WFG2FG\trainB
frames_0010.jpg;WFG2FG\trainB
frames_0011.jpg;WFG2FG\trainB
frames_0012.jpg;WFG2FG\trainB
frames_0013.jpg;WFG2FG\trainB
frames_0014.jpg;WFG2FG\trainB
frames_0015.jpg;WFG2FG\trainB
frames_0016.jpg;WFG2FG\trainB
frames_0017.jpg;WFG2FG\trainB
frames_0018.jpg;WFG2FG\trainB
frames_0019.jpg;WFG2FG\trainB
frames_0020.jpg;WFG2FG\trainB
frames_0021.jpg;WFG2FG\trainB
frames_0022.jpg;WFG2FG\trainB
frames_0023.jpg;WFG2FG\trainB
frames_0024.jpg;WFG2FG\trainB
frames_0025.jpg;WFG2FG\trainB
frames_0026.jpg;WFG2FG\trainB
frames_0027.jpg;WFG2FG\trainB
frames_0028.jpg;WFG2FG\trainB
frames_0029.jpg;WFG2FG\trainB
frames_0030.jpg;WFG2FG\trainB
frames_0031.jpg;WFG2FG\trainB
frames_0032.jpg;WFG2FG\trainB
frames_0033.jpg;WFG2FG\trainB
frames_0034.jpg;WFG2FG\trainB
frames_0035.jpg;WFG2FG\trainB
frames_0036.jpg;WFG2FG\trainB
frames_0037.jpg;WFG2FG\trainB
frames_0038.jpg;WFG2FG\trainB
frames_0039.jpg;WFG2FG\trainB
frames_0040.jpg;WFG2FG\trainB
frames_0041.jpg;WFG2FG\trainB
frames_0042.jpg;WFG2FG\trainB
frames_0043.jpg;WFG2FG\trainB
frames_0044.jpg;WFG2FG\trainB
frames_0045.jpg;WFG2FG\trainB
frames_0046.jpg;WFG2FG\trainB
frames_0047.jpg;WFG2FG\trainB
frames_0048.jpg;WFG2FG\trainB
frames_0049.jpg;WFG2FG\trainB
frames_0050.jpg;WFG2FG\trainB
frames_0051.jpg;WFG2FG\trainB
frames_0052.jpg;WFG2FG\trainB
frames_0053.jpg;WFG2FG\trainB
frames_0054.jpg;WFG2FG\trainB
frames_0055.jpg;WFG2FG\trainB
frames_0056.jpg;WFG2FG\trainB
frames_0057.jpg;WFG2FG\trainB
frames_0058.jpg;WFG2FG\trainB
frames_0059.jpg;WFG2FG\trainB
frames_0060.jpg;WFG2FG\trainB
frames_0061.jpg;WFG2FG\trainB
frames_0062.jpg;WFG2FG\trainB
frames_0063.jpg;WFG2FG\trainB
frames_0064.jpg;WFG2FG\trainB
frames_0065.jpg;WFG2FG\trainB
frames_0066.jpg;WFG2FG\trainB
frames_0067.jpg;WFG2FG\trainB
frames_0068.jpg;WFG2FG\trainB
frames_0069.jpg;WFG2FG\trainB
frames_0070.jpg;WFG2FG\trainB
frames_0071.jpg;WFG2FG\trainB
frames_0072.jpg;WFG2FG\trainB
frames_0073.jpg;WFG2FG\trainB
frames_0074.jpg;WFG2FG\trainB
frames_0075.jpg;WFG2FG\trainB
frames_0076.jpg;WFG2FG\trainB
frames_0077.jpg;WFG2FG\trainB
frames_0078.jpg;WFG2FG\trainB
frames_0079.jpg;WFG2FG\trainB
frames_0080.jpg;WFG2FG\trainB
frames_0081.jpg;WFG2FG\trainB
frames_0082.jpg;WFG2FG\trainB
frames_0083.jpg;WFG2FG\trainB
frames_0084.jpg;WFG2FG\trainB
frames_0085.jpg;WFG2FG\trainB
frames_0086.jpg;WFG2FG\trainB
frames_0087.jpg;WFG2FG\trainB
frames_0088.jpg;WFG2FG\trainB
frames_0089.jpg;WFG2FG\trainB
frames_0090.jpg;WFG2FG\trainB
frames_0091.jpg;WFG2FG\trainB
frames_0092.jpg;WFG2FG\trainB
frames_0093.jpg;WFG2FG\trainB
frames_0094.jpg;WFG2FG\trainB
frames_0095.jpg;WFG2FG\trainB
frames_0096.jpg;WFG2FG\trainB
frames_0097.jpg;WFG2FG\trainB
frames_0098.jpg;WFG2FG\trainB
frames_0099.jpg;WFG2FG\trainB
frames_0101.jpg;WFG2FG\trainB
frames_0102.jpg;WFG2FG\trainB
frames_0103.jpg;WFG2FG\trainB
frames_0104.jpg;WFG2FG\trainB
frames_0105.jpg;WFG2FG\trainB
frames_0106.jpg;WFG2FG\trainB
frames_0107.jpg;WFG2FG\trainB
frames_0108.jpg;WFG2FG\trainB
frames_0109.jpg;WFG2FG\trainB
frames_0110.jpg;WFG2FG\trainB
frames_0111.jpg;WFG2FG\trainB
frames_0112.jpg;WFG2FG\trainB
frames_0113.jpg;WFG2FG\trainB
frames_0114.jpg;WFG2FG\trainB
frames_0115.jpg;WFG2FG\trainB
frames_0116.jpg;WFG2FG\trainB
frames_0117.jpg;WFG2FG\trainB
frames_0118.jpg;WFG2FG\trainB
frames_0119.jpg;WFG2FG\trainB
frames_0120.jpg;WFG2FG\trainB
frames_0121.jpg;WFG2FG\trainB
frames_0122.jpg;WFG2FG\trainB
frames_0123.jpg;WFG2FG\trainB
frames_0124.jpg;WFG2FG\trainB
frames_0125.jpg;WFG2FG\trainB
frames_0126.jpg;WFG2FG\trainB
frames_0127.jpg;WFG2FG\trainB
frames_0128.jpg;WFG2FG\trainB
frames_0129.jpg;WFG2FG\trainB
frames_0130.jpg;WFG2FG\trainB
frames_0131.jpg;WFG2FG\trainB
frames_0132.jpg;WFG2FG\trainB
frames_0133.jpg;WFG2FG\trainB
frames_0134.jpg;WFG2FG\trainB
frames_0135.jpg;WFG2FG\trainB
frames_0136.jpg;WFG2FG\trainB
frames_0137.jpg;WFG2FG\trainB
frames_0138.jpg;WFG2FG\trainB
frames_0139.jpg;WFG2FG\trainB
frames_0140.jpg;WFG2FG\trainB
frames_0141.jpg;WFG2FG\trainB
frames_0142.jpg;WFG2FG\trainB
frames_0143.jpg;WFG2FG\trainB
frames_0144.jpg;WFG2FG\trainB
